da01825f-21eb-4e69-8a4f-5f6966b55d1c	Q0	v293	1	62.697820571357134	SimBa
da01825f-21eb-4e69-8a4f-5f6966b55d1c	Q0	v295	1	59.69750847164923	SimBa
da01825f-21eb-4e69-8a4f-5f6966b55d1c	Q0	v298	1	53.78474458037912	SimBa
da01825f-21eb-4e69-8a4f-5f6966b55d1c	Q0	v300	1	48.416564091120335	SimBa
da01825f-21eb-4e69-8a4f-5f6966b55d1c	Q0	v297	1	48.02518034155517	SimBa
da01825f-21eb-4e69-8a4f-5f6966b55d1c	Q0	v289	1	47.042661676131125	SimBa
da01825f-21eb-4e69-8a4f-5f6966b55d1c	Q0	v288	1	46.57403633004667	SimBa
da01825f-21eb-4e69-8a4f-5f6966b55d1c	Q0	v290	1	46.47922427307297	SimBa
da01825f-21eb-4e69-8a4f-5f6966b55d1c	Q0	v291	1	46.03332304239921	SimBa
da01825f-21eb-4e69-8a4f-5f6966b55d1c	Q0	v276	1	45.89017791528078	SimBa
f9df9c8f-435c-4d75-9724-f178df7eb6fe	Q0	v25	1	47.1902949172376	SimBa
f9df9c8f-435c-4d75-9724-f178df7eb6fe	Q0	v48	1	46.02452372213558	SimBa
f9df9c8f-435c-4d75-9724-f178df7eb6fe	Q0	v23	1	44.84158360983842	SimBa
f9df9c8f-435c-4d75-9724-f178df7eb6fe	Q0	v27	1	43.09132628907249	SimBa
f9df9c8f-435c-4d75-9724-f178df7eb6fe	Q0	v30	1	42.334162238793795	SimBa
f9df9c8f-435c-4d75-9724-f178df7eb6fe	Q0	v20	1	36.80362132156948	SimBa
f9df9c8f-435c-4d75-9724-f178df7eb6fe	Q0	v1911	1	36.035008433680716	SimBa
f9df9c8f-435c-4d75-9724-f178df7eb6fe	Q0	v735	1	35.50481432643354	SimBa
f9df9c8f-435c-4d75-9724-f178df7eb6fe	Q0	v732	1	35.3359231045732	SimBa
f9df9c8f-435c-4d75-9724-f178df7eb6fe	Q0	v140	1	35.259451270862826	SimBa
55765f55-750e-4ef7-890b-58d6402dfe3f	Q0	v274	1	46.14784104557076	SimBa
55765f55-750e-4ef7-890b-58d6402dfe3f	Q0	v275	1	44.67241063513914	SimBa
55765f55-750e-4ef7-890b-58d6402dfe3f	Q0	v277	1	44.54628374165455	SimBa
55765f55-750e-4ef7-890b-58d6402dfe3f	Q0	v276	1	44.49734522907324	SimBa
55765f55-750e-4ef7-890b-58d6402dfe3f	Q0	v311	1	44.393806366340506	SimBa
55765f55-750e-4ef7-890b-58d6402dfe3f	Q0	v248	1	43.66541151364154	SimBa
55765f55-750e-4ef7-890b-58d6402dfe3f	Q0	v250	1	43.26128192939917	SimBa
55765f55-750e-4ef7-890b-58d6402dfe3f	Q0	v251	1	43.191390073496976	SimBa
55765f55-750e-4ef7-890b-58d6402dfe3f	Q0	v298	1	43.18173965751318	SimBa
55765f55-750e-4ef7-890b-58d6402dfe3f	Q0	v303	1	42.95533659124974	SimBa
fd3ebf6a-d8eb-4b7b-8420-8fdb8a01c280	Q0	v250	1	49.147814296142975	SimBa
fd3ebf6a-d8eb-4b7b-8420-8fdb8a01c280	Q0	v251	1	48.7125660943155	SimBa
fd3ebf6a-d8eb-4b7b-8420-8fdb8a01c280	Q0	v248	1	46.39750499512513	SimBa
fd3ebf6a-d8eb-4b7b-8420-8fdb8a01c280	Q0	v249	1	45.57963706166907	SimBa
fd3ebf6a-d8eb-4b7b-8420-8fdb8a01c280	Q0	v300	1	37.74931838908013	SimBa
fd3ebf6a-d8eb-4b7b-8420-8fdb8a01c280	Q0	v290	1	36.64519944171033	SimBa
fd3ebf6a-d8eb-4b7b-8420-8fdb8a01c280	Q0	v303	1	35.96044873748975	SimBa
fd3ebf6a-d8eb-4b7b-8420-8fdb8a01c280	Q0	v295	1	35.82676426293897	SimBa
fd3ebf6a-d8eb-4b7b-8420-8fdb8a01c280	Q0	v275	1	35.29015607481392	SimBa
fd3ebf6a-d8eb-4b7b-8420-8fdb8a01c280	Q0	v1320	1	35.14817350040568	SimBa
2866c724-a37f-456b-80e5-f63ffbb1b01c	Q0	v1328	1	48.562594779335036	SimBa
2866c724-a37f-456b-80e5-f63ffbb1b01c	Q0	v261	1	46.61201826743544	SimBa
2866c724-a37f-456b-80e5-f63ffbb1b01c	Q0	v1329	1	46.60014765457333	SimBa
2866c724-a37f-456b-80e5-f63ffbb1b01c	Q0	v262	1	45.90894138119174	SimBa
2866c724-a37f-456b-80e5-f63ffbb1b01c	Q0	v1330	1	44.80642696896453	SimBa
2866c724-a37f-456b-80e5-f63ffbb1b01c	Q0	v263	1	44.69284031544286	SimBa
2866c724-a37f-456b-80e5-f63ffbb1b01c	Q0	v265	1	44.64778444439529	SimBa
2866c724-a37f-456b-80e5-f63ffbb1b01c	Q0	v268	1	44.198161106912984	SimBa
2866c724-a37f-456b-80e5-f63ffbb1b01c	Q0	v267	1	43.56346657942128	SimBa
2866c724-a37f-456b-80e5-f63ffbb1b01c	Q0	v269	1	43.330964843685315	SimBa
847a8ce9-7a77-4796-811e-99b0a38a3f9d	Q0	v742	1	44.51892197014134	SimBa
847a8ce9-7a77-4796-811e-99b0a38a3f9d	Q0	v737	1	40.3540684064319	SimBa
847a8ce9-7a77-4796-811e-99b0a38a3f9d	Q0	v735	1	38.3409044561717	SimBa
847a8ce9-7a77-4796-811e-99b0a38a3f9d	Q0	v1504	1	38.04101320945771	SimBa
847a8ce9-7a77-4796-811e-99b0a38a3f9d	Q0	v580	1	32.53518245895029	SimBa
847a8ce9-7a77-4796-811e-99b0a38a3f9d	Q0	v333	1	31.885585909533564	SimBa
847a8ce9-7a77-4796-811e-99b0a38a3f9d	Q0	v732	1	31.296839825089968	SimBa
847a8ce9-7a77-4796-811e-99b0a38a3f9d	Q0	v1910	1	30.765237685088014	SimBa
847a8ce9-7a77-4796-811e-99b0a38a3f9d	Q0	v454	1	30.69913044737177	SimBa
847a8ce9-7a77-4796-811e-99b0a38a3f9d	Q0	v335	1	30.551829060686757	SimBa
845da88f-d0e9-42db-ac8f-695054a9f868	Q0	v205	1	43.419336013375634	SimBa
845da88f-d0e9-42db-ac8f-695054a9f868	Q0	v204	1	40.41666521354309	SimBa
845da88f-d0e9-42db-ac8f-695054a9f868	Q0	v207	1	39.924848695274804	SimBa
845da88f-d0e9-42db-ac8f-695054a9f868	Q0	v180	1	39.91776844645617	SimBa
845da88f-d0e9-42db-ac8f-695054a9f868	Q0	v200	1	39.75913441899067	SimBa
845da88f-d0e9-42db-ac8f-695054a9f868	Q0	v184	1	39.69647027742244	SimBa
845da88f-d0e9-42db-ac8f-695054a9f868	Q0	v182	1	39.2864372296137	SimBa
845da88f-d0e9-42db-ac8f-695054a9f868	Q0	v202	1	39.25487827779761	SimBa
845da88f-d0e9-42db-ac8f-695054a9f868	Q0	v206	1	38.58150716128813	SimBa
845da88f-d0e9-42db-ac8f-695054a9f868	Q0	v183	1	37.450514200225044	SimBa
a607fb40-1c17-4cbf-9c40-a1f31ec21cac	Q0	v205	1	47.974613891950995	SimBa
a607fb40-1c17-4cbf-9c40-a1f31ec21cac	Q0	v207	1	45.410029725549144	SimBa
a607fb40-1c17-4cbf-9c40-a1f31ec21cac	Q0	v200	1	45.01610264382478	SimBa
a607fb40-1c17-4cbf-9c40-a1f31ec21cac	Q0	v204	1	44.99641081345141	SimBa
a607fb40-1c17-4cbf-9c40-a1f31ec21cac	Q0	v206	1	44.794802631020254	SimBa
a607fb40-1c17-4cbf-9c40-a1f31ec21cac	Q0	v202	1	44.365872911886896	SimBa
a607fb40-1c17-4cbf-9c40-a1f31ec21cac	Q0	v184	1	44.28042515502015	SimBa
a607fb40-1c17-4cbf-9c40-a1f31ec21cac	Q0	v180	1	43.405365740184884	SimBa
a607fb40-1c17-4cbf-9c40-a1f31ec21cac	Q0	v182	1	42.91478923766019	SimBa
a607fb40-1c17-4cbf-9c40-a1f31ec21cac	Q0	v181	1	42.0528967796883	SimBa
d54c1daa-0b89-4485-bd08-ed83338d72dc	Q0	v25	1	45.42910865481676	SimBa
d54c1daa-0b89-4485-bd08-ed83338d72dc	Q0	v30	1	43.234362803330335	SimBa
d54c1daa-0b89-4485-bd08-ed83338d72dc	Q0	v27	1	43.22744906476701	SimBa
d54c1daa-0b89-4485-bd08-ed83338d72dc	Q0	v48	1	41.75525156390371	SimBa
d54c1daa-0b89-4485-bd08-ed83338d72dc	Q0	v23	1	39.66750203655741	SimBa
d54c1daa-0b89-4485-bd08-ed83338d72dc	Q0	veastwest	1	37.00561005443151	SimBa
d54c1daa-0b89-4485-bd08-ed83338d72dc	Q0	v140	1	35.7112294531586	SimBa
d54c1daa-0b89-4485-bd08-ed83338d72dc	Q0	v137	1	35.086345515247864	SimBa
d54c1daa-0b89-4485-bd08-ed83338d72dc	Q0	v20	1	34.70308825342555	SimBa
d54c1daa-0b89-4485-bd08-ed83338d72dc	Q0	v16	1	34.29270544090437	SimBa
c1b264be-1c52-4d0e-95e0-c3a8bb4ce81c	Q0	v210	1	56.53320978572197	SimBa
c1b264be-1c52-4d0e-95e0-c3a8bb4ce81c	Q0	v183	1	43.61226922610204	SimBa
c1b264be-1c52-4d0e-95e0-c3a8bb4ce81c	Q0	v213	1	42.34451126410356	SimBa
c1b264be-1c52-4d0e-95e0-c3a8bb4ce81c	Q0	v180	1	42.26541214397567	SimBa
c1b264be-1c52-4d0e-95e0-c3a8bb4ce81c	Q0	v207	1	41.72873769043096	SimBa
c1b264be-1c52-4d0e-95e0-c3a8bb4ce81c	Q0	v206	1	41.50429875431467	SimBa
c1b264be-1c52-4d0e-95e0-c3a8bb4ce81c	Q0	v181	1	41.2152257193828	SimBa
c1b264be-1c52-4d0e-95e0-c3a8bb4ce81c	Q0	v182	1	41.14189765210889	SimBa
c1b264be-1c52-4d0e-95e0-c3a8bb4ce81c	Q0	v184	1	40.7157692784551	SimBa
c1b264be-1c52-4d0e-95e0-c3a8bb4ce81c	Q0	v204	1	40.471822114555806	SimBa
2c7eacd0-7835-470f-99f4-183f847d9442	Q0	v1911	1	35.11965171989533	SimBa
2c7eacd0-7835-470f-99f4-183f847d9442	Q0	v1910	1	33.441335971502255	SimBa
2c7eacd0-7835-470f-99f4-183f847d9442	Q0	v1909	1	32.6633349190096	SimBa
2c7eacd0-7835-470f-99f4-183f847d9442	Q0	v729	1	30.766916403387413	SimBa
2c7eacd0-7835-470f-99f4-183f847d9442	Q0	v955	1	30.715414020636107	SimBa
2c7eacd0-7835-470f-99f4-183f847d9442	Q0	v731	1	29.937263285181736	SimBa
2c7eacd0-7835-470f-99f4-183f847d9442	Q0	v891	1	29.119016712773778	SimBa
2c7eacd0-7835-470f-99f4-183f847d9442	Q0	v1504	1	28.783424284203452	SimBa
2c7eacd0-7835-470f-99f4-183f847d9442	Q0	v1906	1	28.491446990374484	SimBa
2c7eacd0-7835-470f-99f4-183f847d9442	Q0	v942	1	28.184753853845883	SimBa
86c397fa-c60d-4799-830a-a8391495b3a5	Q0	v247	1	41.960593799572656	SimBa
86c397fa-c60d-4799-830a-a8391495b3a5	Q0	v239	1	39.60764852522868	SimBa
86c397fa-c60d-4799-830a-a8391495b3a5	Q0	v240	1	38.649908787521795	SimBa
86c397fa-c60d-4799-830a-a8391495b3a5	Q0	v243	1	38.64797346698364	SimBa
86c397fa-c60d-4799-830a-a8391495b3a5	Q0	v242	1	37.69144054544943	SimBa
86c397fa-c60d-4799-830a-a8391495b3a5	Q0	v237	1	37.615291603848185	SimBa
86c397fa-c60d-4799-830a-a8391495b3a5	Q0	v238	1	36.587087715656565	SimBa
86c397fa-c60d-4799-830a-a8391495b3a5	Q0	v241	1	35.93370731512072	SimBa
86c397fa-c60d-4799-830a-a8391495b3a5	Q0	v18	1	33.44575706481156	SimBa
86c397fa-c60d-4799-830a-a8391495b3a5	Q0	v16	1	32.88582590011707	SimBa
89f2ed3e-e871-44cb-8128-81201d1357b1	Q0	v249	1	51.16408749004301	SimBa
89f2ed3e-e871-44cb-8128-81201d1357b1	Q0	v250	1	45.92420461266828	SimBa
89f2ed3e-e871-44cb-8128-81201d1357b1	Q0	v251	1	45.908050071668505	SimBa
89f2ed3e-e871-44cb-8128-81201d1357b1	Q0	v248	1	45.570690988523886	SimBa
89f2ed3e-e871-44cb-8128-81201d1357b1	Q0	v289	1	35.82669904271584	SimBa
89f2ed3e-e871-44cb-8128-81201d1357b1	Q0	v303	1	34.191572431716764	SimBa
89f2ed3e-e871-44cb-8128-81201d1357b1	Q0	v267	1	33.915686627439165	SimBa
89f2ed3e-e871-44cb-8128-81201d1357b1	Q0	v311	1	33.8716031890519	SimBa
89f2ed3e-e871-44cb-8128-81201d1357b1	Q0	v268	1	33.19599198510977	SimBa
89f2ed3e-e871-44cb-8128-81201d1357b1	Q0	v261	1	32.915642725146924	SimBa
658568a8-9a54-4b7f-859f-1e94c2f8d0e3	Q0	v325	1	45.25760271587317	SimBa
658568a8-9a54-4b7f-859f-1e94c2f8d0e3	Q0	v321	1	41.70424201540518	SimBa
658568a8-9a54-4b7f-859f-1e94c2f8d0e3	Q0	v289	1	40.763123760510496	SimBa
658568a8-9a54-4b7f-859f-1e94c2f8d0e3	Q0	v288	1	40.62285175456285	SimBa
658568a8-9a54-4b7f-859f-1e94c2f8d0e3	Q0	v287	1	40.60032711577429	SimBa
658568a8-9a54-4b7f-859f-1e94c2f8d0e3	Q0	v290	1	40.2835640852893	SimBa
658568a8-9a54-4b7f-859f-1e94c2f8d0e3	Q0	v322	1	40.179137289337525	SimBa
658568a8-9a54-4b7f-859f-1e94c2f8d0e3	Q0	v291	1	39.58516592629883	SimBa
658568a8-9a54-4b7f-859f-1e94c2f8d0e3	Q0	v1328	1	38.5990094904534	SimBa
658568a8-9a54-4b7f-859f-1e94c2f8d0e3	Q0	v1332	1	37.474140345011925	SimBa
76bae52b-48fb-4424-b531-73dc3bf368ad	Q0	v418	1	40.35107229872377	SimBa
76bae52b-48fb-4424-b531-73dc3bf368ad	Q0	v416	1	40.23511628350737	SimBa
76bae52b-48fb-4424-b531-73dc3bf368ad	Q0	v425	1	39.474208986455075	SimBa
76bae52b-48fb-4424-b531-73dc3bf368ad	Q0	v417	1	39.141793092448246	SimBa
76bae52b-48fb-4424-b531-73dc3bf368ad	Q0	v419	1	39.13532823575045	SimBa
76bae52b-48fb-4424-b531-73dc3bf368ad	Q0	v426	1	39.09617958734653	SimBa
76bae52b-48fb-4424-b531-73dc3bf368ad	Q0	v424	1	38.73570948685222	SimBa
76bae52b-48fb-4424-b531-73dc3bf368ad	Q0	v420	1	38.713869200825535	SimBa
76bae52b-48fb-4424-b531-73dc3bf368ad	Q0	v427	1	38.33105001249821	SimBa
76bae52b-48fb-4424-b531-73dc3bf368ad	Q0	v682	1	38.180764632765396	SimBa
8ed39b94-0e44-4623-abee-9321096260f7	Q0	v180	1	30.25409786824012	SimBa
8ed39b94-0e44-4623-abee-9321096260f7	Q0	v204	1	29.55912986973609	SimBa
8ed39b94-0e44-4623-abee-9321096260f7	Q0	v213	1	29.551960484827138	SimBa
8ed39b94-0e44-4623-abee-9321096260f7	Q0	v210	1	29.192643358761206	SimBa
8ed39b94-0e44-4623-abee-9321096260f7	Q0	v184	1	28.92600328749791	SimBa
8ed39b94-0e44-4623-abee-9321096260f7	Q0	v186	1	28.82066978253669	SimBa
8ed39b94-0e44-4623-abee-9321096260f7	Q0	v182	1	28.404015422225203	SimBa
8ed39b94-0e44-4623-abee-9321096260f7	Q0	v205	1	28.097242505857757	SimBa
8ed39b94-0e44-4623-abee-9321096260f7	Q0	v682	1	27.727659887427293	SimBa
8ed39b94-0e44-4623-abee-9321096260f7	Q0	v181	1	27.64281217373866	SimBa
dd9c056f-6fe3-4776-83b4-5b42e3e9c865	Q0	v1911	1	46.59178342174187	SimBa
dd9c056f-6fe3-4776-83b4-5b42e3e9c865	Q0	v1906	1	35.75995638699809	SimBa
dd9c056f-6fe3-4776-83b4-5b42e3e9c865	Q0	v1910	1	35.24310269065117	SimBa
dd9c056f-6fe3-4776-83b4-5b42e3e9c865	Q0	v1909	1	33.51096920321208	SimBa
dd9c056f-6fe3-4776-83b4-5b42e3e9c865	Q0	v202	1	32.67317435649307	SimBa
dd9c056f-6fe3-4776-83b4-5b42e3e9c865	Q0	v731	1	31.815872710363813	SimBa
dd9c056f-6fe3-4776-83b4-5b42e3e9c865	Q0	v915	1	31.14264305032265	SimBa
dd9c056f-6fe3-4776-83b4-5b42e3e9c865	Q0	v200	1	31.00862799851207	SimBa
dd9c056f-6fe3-4776-83b4-5b42e3e9c865	Q0	v729	1	30.92141521958845	SimBa
dd9c056f-6fe3-4776-83b4-5b42e3e9c865	Q0	v18	1	30.809795657535837	SimBa
0112dd87-0b39-447a-b86b-39acd97d5d60	Q0	v545	1	34.83781217164521	SimBa
0112dd87-0b39-447a-b86b-39acd97d5d60	Q0	v684	1	33.61420703446261	SimBa
0112dd87-0b39-447a-b86b-39acd97d5d60	Q0	v424	1	33.58536589590455	SimBa
0112dd87-0b39-447a-b86b-39acd97d5d60	Q0	v425	1	32.9437361098634	SimBa
0112dd87-0b39-447a-b86b-39acd97d5d60	Q0	v682	1	32.62727603729477	SimBa
0112dd87-0b39-447a-b86b-39acd97d5d60	Q0	v683	1	32.56726865961989	SimBa
0112dd87-0b39-447a-b86b-39acd97d5d60	Q0	v674	1	32.5051037584409	SimBa
0112dd87-0b39-447a-b86b-39acd97d5d60	Q0	v186	1	32.43114253462861	SimBa
0112dd87-0b39-447a-b86b-39acd97d5d60	Q0	v152	1	32.206012414241215	SimBa
0112dd87-0b39-447a-b86b-39acd97d5d60	Q0	v416	1	31.92390116555661	SimBa
9b730082-9ec6-4391-8d18-c5b4c6d93efe	Q0	v255	1	40.794915573529444	SimBa
9b730082-9ec6-4391-8d18-c5b4c6d93efe	Q0	v311	1	39.407070460659824	SimBa
9b730082-9ec6-4391-8d18-c5b4c6d93efe	Q0	v276	1	38.827660616454004	SimBa
9b730082-9ec6-4391-8d18-c5b4c6d93efe	Q0	v286	1	37.99616093382301	SimBa
9b730082-9ec6-4391-8d18-c5b4c6d93efe	Q0	v248	1	37.64085501846353	SimBa
9b730082-9ec6-4391-8d18-c5b4c6d93efe	Q0	v274	1	37.47230356157761	SimBa
9b730082-9ec6-4391-8d18-c5b4c6d93efe	Q0	v250	1	37.316751156870836	SimBa
9b730082-9ec6-4391-8d18-c5b4c6d93efe	Q0	v249	1	37.304809431154936	SimBa
9b730082-9ec6-4391-8d18-c5b4c6d93efe	Q0	v251	1	37.06988810522085	SimBa
9b730082-9ec6-4391-8d18-c5b4c6d93efe	Q0	v275	1	36.8839760401524	SimBa
24a27c70-1f3b-4ead-97ea-965b8a9989cb	Q0	v184	1	33.87156714669105	SimBa
24a27c70-1f3b-4ead-97ea-965b8a9989cb	Q0	v207	1	33.5950497618129	SimBa
24a27c70-1f3b-4ead-97ea-965b8a9989cb	Q0	v205	1	33.393049653723686	SimBa
24a27c70-1f3b-4ead-97ea-965b8a9989cb	Q0	v206	1	33.20310067004687	SimBa
24a27c70-1f3b-4ead-97ea-965b8a9989cb	Q0	v200	1	33.10085709847878	SimBa
24a27c70-1f3b-4ead-97ea-965b8a9989cb	Q0	v204	1	33.06956317148529	SimBa
24a27c70-1f3b-4ead-97ea-965b8a9989cb	Q0	v202	1	32.58173381706628	SimBa
24a27c70-1f3b-4ead-97ea-965b8a9989cb	Q0	v180	1	31.892865944145232	SimBa
24a27c70-1f3b-4ead-97ea-965b8a9989cb	Q0	v182	1	31.37693602321686	SimBa
24a27c70-1f3b-4ead-97ea-965b8a9989cb	Q0	v181	1	30.983497284916506	SimBa
84e74d7f-7657-4666-8064-45738f7a42cf	Q0	v732	1	42.1292174400572	SimBa
84e74d7f-7657-4666-8064-45738f7a42cf	Q0	v287	1	40.38369650591842	SimBa
84e74d7f-7657-4666-8064-45738f7a42cf	Q0	v266	1	39.866454038123365	SimBa
84e74d7f-7657-4666-8064-45738f7a42cf	Q0	v291	1	39.8098132346786	SimBa
84e74d7f-7657-4666-8064-45738f7a42cf	Q0	v289	1	39.569536305956895	SimBa
84e74d7f-7657-4666-8064-45738f7a42cf	Q0	v288	1	39.42237681148292	SimBa
84e74d7f-7657-4666-8064-45738f7a42cf	Q0	v325	1	39.1155777313848	SimBa
84e74d7f-7657-4666-8064-45738f7a42cf	Q0	v290	1	38.994761270380955	SimBa
84e74d7f-7657-4666-8064-45738f7a42cf	Q0	v734	1	38.03659350431355	SimBa
84e74d7f-7657-4666-8064-45738f7a42cf	Q0	v273	1	36.61982896605623	SimBa
d5c439ec-58a4-4d8d-a3ce-66a380fed434	Q0	v418	1	38.87872626991008	SimBa
d5c439ec-58a4-4d8d-a3ce-66a380fed434	Q0	v416	1	38.51531545293516	SimBa
d5c439ec-58a4-4d8d-a3ce-66a380fed434	Q0	v419	1	38.41982253838946	SimBa
d5c439ec-58a4-4d8d-a3ce-66a380fed434	Q0	v420	1	38.37165090052051	SimBa
d5c439ec-58a4-4d8d-a3ce-66a380fed434	Q0	v683	1	38.17111812759432	SimBa
d5c439ec-58a4-4d8d-a3ce-66a380fed434	Q0	v674	1	37.9307043926621	SimBa
d5c439ec-58a4-4d8d-a3ce-66a380fed434	Q0	v417	1	37.9162980429877	SimBa
d5c439ec-58a4-4d8d-a3ce-66a380fed434	Q0	v426	1	37.33679355371734	SimBa
d5c439ec-58a4-4d8d-a3ce-66a380fed434	Q0	v682	1	37.32073118910262	SimBa
d5c439ec-58a4-4d8d-a3ce-66a380fed434	Q0	v424	1	37.24144029162324	SimBa
a4d86d63-4590-43fb-861d-33ab0408de79	Q0	v1898	1	58.56685866825341	SimBa
a4d86d63-4590-43fb-861d-33ab0408de79	Q0	v1897	1	52.119005001669805	SimBa
a4d86d63-4590-43fb-861d-33ab0408de79	Q0	v1906	1	45.176966153766045	SimBa
a4d86d63-4590-43fb-861d-33ab0408de79	Q0	v1332	1	42.694992132070674	SimBa
a4d86d63-4590-43fb-861d-33ab0408de79	Q0	v1335	1	42.17456713135325	SimBa
a4d86d63-4590-43fb-861d-33ab0408de79	Q0	v1338	1	41.30133928400438	SimBa
a4d86d63-4590-43fb-861d-33ab0408de79	Q0	veastwest	1	39.164382200002485	SimBa
a4d86d63-4590-43fb-861d-33ab0408de79	Q0	v731	1	37.8877435164792	SimBa
a4d86d63-4590-43fb-861d-33ab0408de79	Q0	v1328	1	37.51454134468645	SimBa
a4d86d63-4590-43fb-861d-33ab0408de79	Q0	v263	1	37.2191043063238	SimBa
31d4b470-ee3a-4dcf-a3a4-efa45cdf5703	Q0	v311	1	33.24278500655674	SimBa
31d4b470-ee3a-4dcf-a3a4-efa45cdf5703	Q0	v251	1	32.625510311970906	SimBa
31d4b470-ee3a-4dcf-a3a4-efa45cdf5703	Q0	v250	1	32.39477694676632	SimBa
31d4b470-ee3a-4dcf-a3a4-efa45cdf5703	Q0	v248	1	32.300167316449574	SimBa
31d4b470-ee3a-4dcf-a3a4-efa45cdf5703	Q0	v249	1	31.58910476710508	SimBa
31d4b470-ee3a-4dcf-a3a4-efa45cdf5703	Q0	v710	1	31.421630090028835	SimBa
31d4b470-ee3a-4dcf-a3a4-efa45cdf5703	Q0	v267	1	31.23196515798482	SimBa
31d4b470-ee3a-4dcf-a3a4-efa45cdf5703	Q0	v140	1	30.902559017789997	SimBa
31d4b470-ee3a-4dcf-a3a4-efa45cdf5703	Q0	v686	1	30.800697986044884	SimBa
31d4b470-ee3a-4dcf-a3a4-efa45cdf5703	Q0	v257	1	30.774193022559448	SimBa
50a0c11b-fc87-4bb1-a333-d03e65708b53	Q0	v707	1	35.12628185819297	SimBa
50a0c11b-fc87-4bb1-a333-d03e65708b53	Q0	v694	1	32.83340134581948	SimBa
50a0c11b-fc87-4bb1-a333-d03e65708b53	Q0	v384	1	26.35157285415066	SimBa
50a0c11b-fc87-4bb1-a333-d03e65708b53	Q0	v393	1	26.277174799993137	SimBa
50a0c11b-fc87-4bb1-a333-d03e65708b53	Q0	v702	1	26.057257235594776	SimBa
50a0c11b-fc87-4bb1-a333-d03e65708b53	Q0	v380	1	25.976338335788835	SimBa
50a0c11b-fc87-4bb1-a333-d03e65708b53	Q0	v382	1	25.376839891703582	SimBa
50a0c11b-fc87-4bb1-a333-d03e65708b53	Q0	v1906	1	25.358292509234488	SimBa
50a0c11b-fc87-4bb1-a333-d03e65708b53	Q0	v709	1	25.079682425139698	SimBa
50a0c11b-fc87-4bb1-a333-d03e65708b53	Q0	v731	1	24.524030118466015	SimBa
d81715c3-031e-45c3-894a-cdd0506558ca	Q0	v1338	1	38.547787047572555	SimBa
d81715c3-031e-45c3-894a-cdd0506558ca	Q0	v1335	1	38.13560821924547	SimBa
d81715c3-031e-45c3-894a-cdd0506558ca	Q0	v727	1	37.86737769984757	SimBa
d81715c3-031e-45c3-894a-cdd0506558ca	Q0	v1328	1	34.42230345997457	SimBa
d81715c3-031e-45c3-894a-cdd0506558ca	Q0	v954	1	34.29606861607129	SimBa
d81715c3-031e-45c3-894a-cdd0506558ca	Q0	veastwest	1	33.8999001771905	SimBa
d81715c3-031e-45c3-894a-cdd0506558ca	Q0	v1330	1	33.859388145464045	SimBa
d81715c3-031e-45c3-894a-cdd0506558ca	Q0	v1320	1	33.27936772007315	SimBa
d81715c3-031e-45c3-894a-cdd0506558ca	Q0	v1329	1	32.81481752463778	SimBa
d81715c3-031e-45c3-894a-cdd0506558ca	Q0	v1332	1	32.405297041473716	SimBa
e81ac4f8-65f0-4c3f-a738-c12d7788060f	Q0	v689	1	52.151325041808946	SimBa
e81ac4f8-65f0-4c3f-a738-c12d7788060f	Q0	v690	1	51.48422943505653	SimBa
e81ac4f8-65f0-4c3f-a738-c12d7788060f	Q0	v724	1	46.38891043158899	SimBa
e81ac4f8-65f0-4c3f-a738-c12d7788060f	Q0	v687	1	42.96672908756271	SimBa
e81ac4f8-65f0-4c3f-a738-c12d7788060f	Q0	v688	1	42.8795543411949	SimBa
e81ac4f8-65f0-4c3f-a738-c12d7788060f	Q0	v723	1	41.407947826653064	SimBa
e81ac4f8-65f0-4c3f-a738-c12d7788060f	Q0	v717	1	41.071144866747034	SimBa
e81ac4f8-65f0-4c3f-a738-c12d7788060f	Q0	v726	1	40.927639205458824	SimBa
e81ac4f8-65f0-4c3f-a738-c12d7788060f	Q0	v686	1	39.629414386186724	SimBa
e81ac4f8-65f0-4c3f-a738-c12d7788060f	Q0	v685	1	39.27729651409674	SimBa
afa95b11-3aa6-4c94-88a7-081882758b3c	Q0	v891	1	41.94966218114921	SimBa
afa95b11-3aa6-4c94-88a7-081882758b3c	Q0	v770	1	38.77104491784821	SimBa
afa95b11-3aa6-4c94-88a7-081882758b3c	Q0	v915	1	38.32023508241602	SimBa
afa95b11-3aa6-4c94-88a7-081882758b3c	Q0	v913	1	38.28924213812016	SimBa
afa95b11-3aa6-4c94-88a7-081882758b3c	Q0	v921	1	37.26258632301099	SimBa
afa95b11-3aa6-4c94-88a7-081882758b3c	Q0	v729	1	37.2101721347821	SimBa
afa95b11-3aa6-4c94-88a7-081882758b3c	Q0	v747	1	36.24820568377284	SimBa
afa95b11-3aa6-4c94-88a7-081882758b3c	Q0	v1332	1	35.724606000386025	SimBa
afa95b11-3aa6-4c94-88a7-081882758b3c	Q0	v727	1	35.32337103954654	SimBa
afa95b11-3aa6-4c94-88a7-081882758b3c	Q0	v1328	1	35.153035082821894	SimBa
55a0b56f-6ff7-4394-875e-4381f2d4a774	Q0	v287	1	42.826119571326096	SimBa
55a0b56f-6ff7-4394-875e-4381f2d4a774	Q0	v288	1	40.72571239939616	SimBa
55a0b56f-6ff7-4394-875e-4381f2d4a774	Q0	v291	1	40.19996657165507	SimBa
55a0b56f-6ff7-4394-875e-4381f2d4a774	Q0	v290	1	40.0996374221674	SimBa
55a0b56f-6ff7-4394-875e-4381f2d4a774	Q0	v289	1	38.31009282332864	SimBa
55a0b56f-6ff7-4394-875e-4381f2d4a774	Q0	v1328	1	38.07114809301783	SimBa
55a0b56f-6ff7-4394-875e-4381f2d4a774	Q0	v277	1	38.03281982368958	SimBa
55a0b56f-6ff7-4394-875e-4381f2d4a774	Q0	v276	1	37.587333244368146	SimBa
55a0b56f-6ff7-4394-875e-4381f2d4a774	Q0	v274	1	37.299081427205714	SimBa
55a0b56f-6ff7-4394-875e-4381f2d4a774	Q0	v275	1	37.151053215521635	SimBa
96d7cc3c-cf28-4d32-8275-52231d7faa15	Q0	v207	1	43.48485734310059	SimBa
96d7cc3c-cf28-4d32-8275-52231d7faa15	Q0	v206	1	42.282031931034886	SimBa
96d7cc3c-cf28-4d32-8275-52231d7faa15	Q0	v205	1	41.456195046478285	SimBa
96d7cc3c-cf28-4d32-8275-52231d7faa15	Q0	v184	1	40.85175063027652	SimBa
96d7cc3c-cf28-4d32-8275-52231d7faa15	Q0	v180	1	40.59357878721756	SimBa
96d7cc3c-cf28-4d32-8275-52231d7faa15	Q0	v200	1	40.36053999627119	SimBa
96d7cc3c-cf28-4d32-8275-52231d7faa15	Q0	v202	1	40.19095240511	SimBa
96d7cc3c-cf28-4d32-8275-52231d7faa15	Q0	v181	1	39.58950352314797	SimBa
96d7cc3c-cf28-4d32-8275-52231d7faa15	Q0	v182	1	39.54651529323606	SimBa
96d7cc3c-cf28-4d32-8275-52231d7faa15	Q0	v204	1	39.34889177817443	SimBa
6daaaad7-0821-48cd-83a2-51025dbf8503	Q0	v274	1	33.617531080189714	SimBa
6daaaad7-0821-48cd-83a2-51025dbf8503	Q0	v275	1	32.84379678634678	SimBa
6daaaad7-0821-48cd-83a2-51025dbf8503	Q0	v277	1	32.418499909293814	SimBa
6daaaad7-0821-48cd-83a2-51025dbf8503	Q0	v297	1	31.881782394929488	SimBa
6daaaad7-0821-48cd-83a2-51025dbf8503	Q0	v298	1	31.059693839762296	SimBa
6daaaad7-0821-48cd-83a2-51025dbf8503	Q0	v286	1	30.765228555065683	SimBa
6daaaad7-0821-48cd-83a2-51025dbf8503	Q0	v331	1	30.5646939112955	SimBa
6daaaad7-0821-48cd-83a2-51025dbf8503	Q0	v276	1	30.172363490589955	SimBa
6daaaad7-0821-48cd-83a2-51025dbf8503	Q0	v688	1	30.04321095839121	SimBa
6daaaad7-0821-48cd-83a2-51025dbf8503	Q0	v333	1	29.5174462242317	SimBa
f15157dd-1a7d-4fa3-85fc-aca14eb82005	Q0	v207	1	39.53949365252073	SimBa
f15157dd-1a7d-4fa3-85fc-aca14eb82005	Q0	v206	1	38.577465742904494	SimBa
f15157dd-1a7d-4fa3-85fc-aca14eb82005	Q0	v205	1	38.51745894920981	SimBa
f15157dd-1a7d-4fa3-85fc-aca14eb82005	Q0	v200	1	38.2736702820661	SimBa
f15157dd-1a7d-4fa3-85fc-aca14eb82005	Q0	v202	1	37.74508292268711	SimBa
f15157dd-1a7d-4fa3-85fc-aca14eb82005	Q0	v184	1	37.239506037484674	SimBa
f15157dd-1a7d-4fa3-85fc-aca14eb82005	Q0	v204	1	37.198599683768364	SimBa
f15157dd-1a7d-4fa3-85fc-aca14eb82005	Q0	v182	1	36.93767409314479	SimBa
f15157dd-1a7d-4fa3-85fc-aca14eb82005	Q0	v151	1	36.63196139949106	SimBa
f15157dd-1a7d-4fa3-85fc-aca14eb82005	Q0	v180	1	36.609821768489944	SimBa
dff68698-3576-48c4-b514-49acd2032a78	Q0	v942	1	37.69641285544881	SimBa
dff68698-3576-48c4-b514-49acd2032a78	Q0	v929	1	36.74311484750276	SimBa
dff68698-3576-48c4-b514-49acd2032a78	Q0	v891	1	36.091043139014445	SimBa
dff68698-3576-48c4-b514-49acd2032a78	Q0	v913	1	34.94069886697575	SimBa
dff68698-3576-48c4-b514-49acd2032a78	Q0	v918	1	34.64110467900818	SimBa
dff68698-3576-48c4-b514-49acd2032a78	Q0	v731	1	34.11455931153493	SimBa
dff68698-3576-48c4-b514-49acd2032a78	Q0	v915	1	34.068487340086	SimBa
dff68698-3576-48c4-b514-49acd2032a78	Q0	v770	1	33.97530897683268	SimBa
dff68698-3576-48c4-b514-49acd2032a78	Q0	v921	1	32.161298312683215	SimBa
dff68698-3576-48c4-b514-49acd2032a78	Q0	v746	1	31.984663939990597	SimBa
8755699d-810f-4a1b-9146-6fa4208155b5	Q0	v336	1	44.256566245708164	SimBa
8755699d-810f-4a1b-9146-6fa4208155b5	Q0	v332	1	40.364306183935426	SimBa
8755699d-810f-4a1b-9146-6fa4208155b5	Q0	v334	1	40.06218984792012	SimBa
8755699d-810f-4a1b-9146-6fa4208155b5	Q0	v333	1	40.01811206956848	SimBa
8755699d-810f-4a1b-9146-6fa4208155b5	Q0	v331	1	39.6323765539009	SimBa
8755699d-810f-4a1b-9146-6fa4208155b5	Q0	v335	1	39.578866121071876	SimBa
8755699d-810f-4a1b-9146-6fa4208155b5	Q0	v329	1	38.991891669603476	SimBa
8755699d-810f-4a1b-9146-6fa4208155b5	Q0	v380	1	36.60962303380783	SimBa
8755699d-810f-4a1b-9146-6fa4208155b5	Q0	v382	1	36.5452313360365	SimBa
8755699d-810f-4a1b-9146-6fa4208155b5	Q0	v384	1	36.47958900106179	SimBa
540ab830-c532-4351-b5e8-ff7c618bb5ff	Q0	v115	1	43.889063486549226	SimBa
540ab830-c532-4351-b5e8-ff7c618bb5ff	Q0	v384	1	43.48610430278734	SimBa
540ab830-c532-4351-b5e8-ff7c618bb5ff	Q0	v380	1	43.45114076214679	SimBa
540ab830-c532-4351-b5e8-ff7c618bb5ff	Q0	v382	1	42.78997943501971	SimBa
540ab830-c532-4351-b5e8-ff7c618bb5ff	Q0	v393	1	40.81470919568003	SimBa
540ab830-c532-4351-b5e8-ff7c618bb5ff	Q0	v706	1	38.9075520511147	SimBa
540ab830-c532-4351-b5e8-ff7c618bb5ff	Q0	v333	1	38.90200809615989	SimBa
540ab830-c532-4351-b5e8-ff7c618bb5ff	Q0	v331	1	38.43607994470435	SimBa
540ab830-c532-4351-b5e8-ff7c618bb5ff	Q0	v335	1	38.10201700266242	SimBa
540ab830-c532-4351-b5e8-ff7c618bb5ff	Q0	v710	1	37.98452640639457	SimBa
d82c993b-0938-4475-9a95-837b97ecd2cf	Q0	v213	1	38.59054597090682	SimBa
d82c993b-0938-4475-9a95-837b97ecd2cf	Q0	v210	1	36.74796726812895	SimBa
d82c993b-0938-4475-9a95-837b97ecd2cf	Q0	v181	1	34.427471825143904	SimBa
d82c993b-0938-4475-9a95-837b97ecd2cf	Q0	v182	1	33.356758751294024	SimBa
d82c993b-0938-4475-9a95-837b97ecd2cf	Q0	v183	1	32.9097974125819	SimBa
d82c993b-0938-4475-9a95-837b97ecd2cf	Q0	v180	1	32.75723166391351	SimBa
d82c993b-0938-4475-9a95-837b97ecd2cf	Q0	v185	1	32.14742159655951	SimBa
d82c993b-0938-4475-9a95-837b97ecd2cf	Q0	v204	1	32.064127898798525	SimBa
d82c993b-0938-4475-9a95-837b97ecd2cf	Q0	v891	1	31.508973546949786	SimBa
d82c993b-0938-4475-9a95-837b97ecd2cf	Q0	v200	1	31.31661509444395	SimBa
0b021296-b435-4583-86a2-4e1a3abe2038	Q0	v732	1	52.972068872234644	SimBa
0b021296-b435-4583-86a2-4e1a3abe2038	Q0	v734	1	50.05596722288376	SimBa
0b021296-b435-4583-86a2-4e1a3abe2038	Q0	v735	1	45.43517830780009	SimBa
0b021296-b435-4583-86a2-4e1a3abe2038	Q0	v737	1	42.97278479903752	SimBa
0b021296-b435-4583-86a2-4e1a3abe2038	Q0	v580	1	40.86744492367112	SimBa
0b021296-b435-4583-86a2-4e1a3abe2038	Q0	v637	1	37.731037866329665	SimBa
0b021296-b435-4583-86a2-4e1a3abe2038	Q0	v266	1	36.57171769460031	SimBa
0b021296-b435-4583-86a2-4e1a3abe2038	Q0	v291	1	35.60616062246066	SimBa
0b021296-b435-4583-86a2-4e1a3abe2038	Q0	v287	1	34.82290648333509	SimBa
0b021296-b435-4583-86a2-4e1a3abe2038	Q0	v289	1	34.81676499298055	SimBa
22f9c4a1-e7d6-448a-85c2-797405a3976a	Q0	v688	1	43.11570445605903	SimBa
22f9c4a1-e7d6-448a-85c2-797405a3976a	Q0	v115	1	36.00198193092831	SimBa
22f9c4a1-e7d6-448a-85c2-797405a3976a	Q0	v687	1	35.9665628228995	SimBa
22f9c4a1-e7d6-448a-85c2-797405a3976a	Q0	v142	1	35.64797044974507	SimBa
22f9c4a1-e7d6-448a-85c2-797405a3976a	Q0	v144	1	35.324665138510994	SimBa
22f9c4a1-e7d6-448a-85c2-797405a3976a	Q0	v335	1	35.24280671090926	SimBa
22f9c4a1-e7d6-448a-85c2-797405a3976a	Q0	v331	1	35.03635530689478	SimBa
22f9c4a1-e7d6-448a-85c2-797405a3976a	Q0	v258	1	34.77575599098181	SimBa
22f9c4a1-e7d6-448a-85c2-797405a3976a	Q0	v333	1	34.29611852893214	SimBa
22f9c4a1-e7d6-448a-85c2-797405a3976a	Q0	v229	1	34.28198303485732	SimBa
5d98af3f-1cd6-48bb-8884-efeaf485f12d	Q0	v580	1	53.140359771945164	SimBa
5d98af3f-1cd6-48bb-8884-efeaf485f12d	Q0	v732	1	44.03560170147269	SimBa
5d98af3f-1cd6-48bb-8884-efeaf485f12d	Q0	v623	1	43.815472163196844	SimBa
5d98af3f-1cd6-48bb-8884-efeaf485f12d	Q0	v637	1	43.23726351625529	SimBa
5d98af3f-1cd6-48bb-8884-efeaf485f12d	Q0	v735	1	41.24935015905427	SimBa
5d98af3f-1cd6-48bb-8884-efeaf485f12d	Q0	v737	1	40.540019517317724	SimBa
5d98af3f-1cd6-48bb-8884-efeaf485f12d	Q0	v734	1	37.592650479788006	SimBa
5d98af3f-1cd6-48bb-8884-efeaf485f12d	Q0	v545	1	36.614856334710474	SimBa
5d98af3f-1cd6-48bb-8884-efeaf485f12d	Q0	v683	1	36.17227472769729	SimBa
5d98af3f-1cd6-48bb-8884-efeaf485f12d	Q0	v273	1	35.6522850342922	SimBa
b9bbdc00-e793-4467-8181-0283d866d689	Q0	v263	1	40.83730875060671	SimBa
b9bbdc00-e793-4467-8181-0283d866d689	Q0	v262	1	39.91884883600464	SimBa
b9bbdc00-e793-4467-8181-0283d866d689	Q0	v265	1	39.49152442983838	SimBa
b9bbdc00-e793-4467-8181-0283d866d689	Q0	v237	1	39.150122595420825	SimBa
b9bbdc00-e793-4467-8181-0283d866d689	Q0	v241	1	39.04968613829263	SimBa
b9bbdc00-e793-4467-8181-0283d866d689	Q0	v242	1	38.90442058403234	SimBa
b9bbdc00-e793-4467-8181-0283d866d689	Q0	v261	1	38.797576372592566	SimBa
b9bbdc00-e793-4467-8181-0283d866d689	Q0	v269	1	38.39287964388348	SimBa
b9bbdc00-e793-4467-8181-0283d866d689	Q0	v264	1	38.316296927907494	SimBa
b9bbdc00-e793-4467-8181-0283d866d689	Q0	v238	1	38.276020546301574	SimBa
e02f73b9-2e13-4511-9532-efe106d22145	Q0	v250	1	41.312338216990966	SimBa
e02f73b9-2e13-4511-9532-efe106d22145	Q0	v275	1	41.104170594095635	SimBa
e02f73b9-2e13-4511-9532-efe106d22145	Q0	v251	1	41.057297150106365	SimBa
e02f73b9-2e13-4511-9532-efe106d22145	Q0	v257	1	40.69288875882926	SimBa
e02f73b9-2e13-4511-9532-efe106d22145	Q0	v311	1	40.57729031237667	SimBa
e02f73b9-2e13-4511-9532-efe106d22145	Q0	v248	1	39.18632528143605	SimBa
e02f73b9-2e13-4511-9532-efe106d22145	Q0	v276	1	38.848966972352706	SimBa
e02f73b9-2e13-4511-9532-efe106d22145	Q0	v274	1	38.83298601289151	SimBa
e02f73b9-2e13-4511-9532-efe106d22145	Q0	v249	1	38.68027175257072	SimBa
e02f73b9-2e13-4511-9532-efe106d22145	Q0	v271	1	38.00544831198015	SimBa
6c316563-fc38-4c77-9b29-e5770b09fa71	Q0	v268	1	48.64624226516338	SimBa
6c316563-fc38-4c77-9b29-e5770b09fa71	Q0	v262	1	47.62071770498299	SimBa
6c316563-fc38-4c77-9b29-e5770b09fa71	Q0	v265	1	47.56130866873182	SimBa
6c316563-fc38-4c77-9b29-e5770b09fa71	Q0	v261	1	47.34303683691642	SimBa
6c316563-fc38-4c77-9b29-e5770b09fa71	Q0	v263	1	47.25948228382439	SimBa
6c316563-fc38-4c77-9b29-e5770b09fa71	Q0	v269	1	47.10080013931069	SimBa
6c316563-fc38-4c77-9b29-e5770b09fa71	Q0	v264	1	47.05513303712607	SimBa
6c316563-fc38-4c77-9b29-e5770b09fa71	Q0	v240	1	46.885477199859324	SimBa
6c316563-fc38-4c77-9b29-e5770b09fa71	Q0	v237	1	46.77846802146054	SimBa
6c316563-fc38-4c77-9b29-e5770b09fa71	Q0	v267	1	46.38087281025268	SimBa
4e065c7b-14c8-4e9a-9253-94292deca468	Q0	v20	1	36.28418220282731	SimBa
4e065c7b-14c8-4e9a-9253-94292deca468	Q0	v152	1	36.0186939556191	SimBa
4e065c7b-14c8-4e9a-9253-94292deca468	Q0	v272	1	35.28941132145134	SimBa
4e065c7b-14c8-4e9a-9253-94292deca468	Q0	v115	1	35.262083275462885	SimBa
4e065c7b-14c8-4e9a-9253-94292deca468	Q0	v273	1	35.257911274685284	SimBa
4e065c7b-14c8-4e9a-9253-94292deca468	Q0	v418	1	35.1489225405018	SimBa
4e065c7b-14c8-4e9a-9253-94292deca468	Q0	v731	1	35.0958681725455	SimBa
4e065c7b-14c8-4e9a-9253-94292deca468	Q0	v416	1	35.08027959762144	SimBa
4e065c7b-14c8-4e9a-9253-94292deca468	Q0	v253	1	35.071781034426266	SimBa
4e065c7b-14c8-4e9a-9253-94292deca468	Q0	v419	1	34.93538353108939	SimBa
93c6be3c-3d43-4884-9066-52d0d65a562e	Q0	v239	1	45.418929992700264	SimBa
93c6be3c-3d43-4884-9066-52d0d65a562e	Q0	v240	1	43.83131874431825	SimBa
93c6be3c-3d43-4884-9066-52d0d65a562e	Q0	v243	1	43.425215587795826	SimBa
93c6be3c-3d43-4884-9066-52d0d65a562e	Q0	v242	1	43.22033172869371	SimBa
93c6be3c-3d43-4884-9066-52d0d65a562e	Q0	v237	1	43.0257716194524	SimBa
93c6be3c-3d43-4884-9066-52d0d65a562e	Q0	v238	1	41.24111014981624	SimBa
93c6be3c-3d43-4884-9066-52d0d65a562e	Q0	v241	1	41.21964077355645	SimBa
93c6be3c-3d43-4884-9066-52d0d65a562e	Q0	v247	1	40.26598504656594	SimBa
93c6be3c-3d43-4884-9066-52d0d65a562e	Q0	v682	1	35.31445865230432	SimBa
93c6be3c-3d43-4884-9066-52d0d65a562e	Q0	v683	1	34.6527932492036	SimBa
cd8ea518-ace7-47d9-9ee8-216d5469c2ee	Q0	v425	1	43.399507755281405	SimBa
cd8ea518-ace7-47d9-9ee8-216d5469c2ee	Q0	v426	1	41.168516927946506	SimBa
cd8ea518-ace7-47d9-9ee8-216d5469c2ee	Q0	v424	1	41.14977133614525	SimBa
cd8ea518-ace7-47d9-9ee8-216d5469c2ee	Q0	v427	1	40.05106716455601	SimBa
cd8ea518-ace7-47d9-9ee8-216d5469c2ee	Q0	v417	1	37.830718237390855	SimBa
cd8ea518-ace7-47d9-9ee8-216d5469c2ee	Q0	v682	1	36.39039090251292	SimBa
cd8ea518-ace7-47d9-9ee8-216d5469c2ee	Q0	v418	1	35.66814096978025	SimBa
cd8ea518-ace7-47d9-9ee8-216d5469c2ee	Q0	v419	1	35.330368855164686	SimBa
cd8ea518-ace7-47d9-9ee8-216d5469c2ee	Q0	v420	1	35.318267858481875	SimBa
cd8ea518-ace7-47d9-9ee8-216d5469c2ee	Q0	v416	1	35.037809120631394	SimBa
5dc52f88-2110-4ecb-8f9c-c04ab0d5b892	Q0	v276	1	50.0680952634335	SimBa
5dc52f88-2110-4ecb-8f9c-c04ab0d5b892	Q0	v275	1	49.31610350905533	SimBa
5dc52f88-2110-4ecb-8f9c-c04ab0d5b892	Q0	v277	1	49.255453948111985	SimBa
5dc52f88-2110-4ecb-8f9c-c04ab0d5b892	Q0	v274	1	48.76127868060694	SimBa
5dc52f88-2110-4ecb-8f9c-c04ab0d5b892	Q0	v311	1	47.634893414296776	SimBa
5dc52f88-2110-4ecb-8f9c-c04ab0d5b892	Q0	v265	1	44.90511097303694	SimBa
5dc52f88-2110-4ecb-8f9c-c04ab0d5b892	Q0	v290	1	44.80628641417894	SimBa
5dc52f88-2110-4ecb-8f9c-c04ab0d5b892	Q0	v287	1	44.617949446550206	SimBa
5dc52f88-2110-4ecb-8f9c-c04ab0d5b892	Q0	v289	1	44.60406283341632	SimBa
5dc52f88-2110-4ecb-8f9c-c04ab0d5b892	Q0	v291	1	44.33488452156995	SimBa
21daccd1-7ffa-44c1-882d-f132afec9852	Q0	v918	1	45.70046019563097	SimBa
21daccd1-7ffa-44c1-882d-f132afec9852	Q0	v915	1	42.71497169980598	SimBa
21daccd1-7ffa-44c1-882d-f132afec9852	Q0	v913	1	41.85882492562666	SimBa
21daccd1-7ffa-44c1-882d-f132afec9852	Q0	v942	1	41.151009243340994	SimBa
21daccd1-7ffa-44c1-882d-f132afec9852	Q0	v929	1	39.26870788639232	SimBa
21daccd1-7ffa-44c1-882d-f132afec9852	Q0	v921	1	36.18640079203009	SimBa
21daccd1-7ffa-44c1-882d-f132afec9852	Q0	v729	1	33.66023531392178	SimBa
21daccd1-7ffa-44c1-882d-f132afec9852	Q0	v747	1	33.21396130993436	SimBa
21daccd1-7ffa-44c1-882d-f132afec9852	Q0	v891	1	33.031292443482066	SimBa
21daccd1-7ffa-44c1-882d-f132afec9852	Q0	v1906	1	32.87888337989856	SimBa
b0cc0b9f-6965-4861-b425-22319a88c0fd	Q0	v151	1	43.736337819813755	SimBa
b0cc0b9f-6965-4861-b425-22319a88c0fd	Q0	v207	1	41.19688790515718	SimBa
b0cc0b9f-6965-4861-b425-22319a88c0fd	Q0	v206	1	39.92372448415599	SimBa
b0cc0b9f-6965-4861-b425-22319a88c0fd	Q0	v200	1	39.71980977972728	SimBa
b0cc0b9f-6965-4861-b425-22319a88c0fd	Q0	v205	1	39.53593234775104	SimBa
b0cc0b9f-6965-4861-b425-22319a88c0fd	Q0	v152	1	39.43352023409764	SimBa
b0cc0b9f-6965-4861-b425-22319a88c0fd	Q0	v184	1	38.79373358869754	SimBa
b0cc0b9f-6965-4861-b425-22319a88c0fd	Q0	v204	1	37.97720933170059	SimBa
b0cc0b9f-6965-4861-b425-22319a88c0fd	Q0	v202	1	37.95576597907601	SimBa
b0cc0b9f-6965-4861-b425-22319a88c0fd	Q0	v182	1	37.5089946909104	SimBa
5736ad86-9d05-4fc7-93ee-7f688c10aab6	Q0	v180	1	43.891755701262326	SimBa
5736ad86-9d05-4fc7-93ee-7f688c10aab6	Q0	v210	1	43.79281229872593	SimBa
5736ad86-9d05-4fc7-93ee-7f688c10aab6	Q0	v184	1	43.3333370636073	SimBa
5736ad86-9d05-4fc7-93ee-7f688c10aab6	Q0	v181	1	42.57404499465795	SimBa
5736ad86-9d05-4fc7-93ee-7f688c10aab6	Q0	v183	1	42.302800848776144	SimBa
5736ad86-9d05-4fc7-93ee-7f688c10aab6	Q0	v182	1	42.276172946998365	SimBa
5736ad86-9d05-4fc7-93ee-7f688c10aab6	Q0	v205	1	42.11015276574774	SimBa
5736ad86-9d05-4fc7-93ee-7f688c10aab6	Q0	v200	1	41.94596458205234	SimBa
5736ad86-9d05-4fc7-93ee-7f688c10aab6	Q0	v204	1	41.66153216505562	SimBa
5736ad86-9d05-4fc7-93ee-7f688c10aab6	Q0	v206	1	41.653366294218856	SimBa
22bdeaca-a9ec-4095-b6f4-5fcb2c0ad493	Q0	v735	1	35.52893285419513	SimBa
22bdeaca-a9ec-4095-b6f4-5fcb2c0ad493	Q0	v1910	1	34.317546557113864	SimBa
22bdeaca-a9ec-4095-b6f4-5fcb2c0ad493	Q0	v742	1	33.59222669101891	SimBa
22bdeaca-a9ec-4095-b6f4-5fcb2c0ad493	Q0	v702	1	32.29834703755974	SimBa
22bdeaca-a9ec-4095-b6f4-5fcb2c0ad493	Q0	v712	1	32.15850073426441	SimBa
22bdeaca-a9ec-4095-b6f4-5fcb2c0ad493	Q0	v462	1	31.718156985120604	SimBa
22bdeaca-a9ec-4095-b6f4-5fcb2c0ad493	Q0	v709	1	31.46561617858873	SimBa
22bdeaca-a9ec-4095-b6f4-5fcb2c0ad493	Q0	v737	1	31.122182013469878	SimBa
22bdeaca-a9ec-4095-b6f4-5fcb2c0ad493	Q0	v442	1	31.02226485031058	SimBa
22bdeaca-a9ec-4095-b6f4-5fcb2c0ad493	Q0	v713	1	30.600623385678876	SimBa
a6bb701f-5fe9-4a7b-82f3-ec79eca1b3b9	Q0	v731	1	36.63340571262182	SimBa
a6bb701f-5fe9-4a7b-82f3-ec79eca1b3b9	Q0	v331	1	33.90446304112073	SimBa
a6bb701f-5fe9-4a7b-82f3-ec79eca1b3b9	Q0	v333	1	33.72195738053457	SimBa
a6bb701f-5fe9-4a7b-82f3-ec79eca1b3b9	Q0	v335	1	33.3982372614293	SimBa
a6bb701f-5fe9-4a7b-82f3-ec79eca1b3b9	Q0	v336	1	32.22380101125455	SimBa
a6bb701f-5fe9-4a7b-82f3-ec79eca1b3b9	Q0	v332	1	32.142195146288124	SimBa
a6bb701f-5fe9-4a7b-82f3-ec79eca1b3b9	Q0	v334	1	31.799828419425	SimBa
a6bb701f-5fe9-4a7b-82f3-ec79eca1b3b9	Q0	v329	1	31.651655585611127	SimBa
a6bb701f-5fe9-4a7b-82f3-ec79eca1b3b9	Q0	v942	1	30.91566513996737	SimBa
a6bb701f-5fe9-4a7b-82f3-ec79eca1b3b9	Q0	v729	1	30.131263221458433	SimBa
b664edf5-1f7d-4d3f-88cd-aba0d264d06d	Q0	v335	1	44.977140098271306	SimBa
b664edf5-1f7d-4d3f-88cd-aba0d264d06d	Q0	v331	1	44.14860403350393	SimBa
b664edf5-1f7d-4d3f-88cd-aba0d264d06d	Q0	v333	1	43.244782514724534	SimBa
b664edf5-1f7d-4d3f-88cd-aba0d264d06d	Q0	v332	1	42.570622962888535	SimBa
b664edf5-1f7d-4d3f-88cd-aba0d264d06d	Q0	v336	1	42.46848113272299	SimBa
b664edf5-1f7d-4d3f-88cd-aba0d264d06d	Q0	v334	1	41.72520683104973	SimBa
b664edf5-1f7d-4d3f-88cd-aba0d264d06d	Q0	v205	1	35.80670710967796	SimBa
b664edf5-1f7d-4d3f-88cd-aba0d264d06d	Q0	v184	1	34.976605048938424	SimBa
b664edf5-1f7d-4d3f-88cd-aba0d264d06d	Q0	v180	1	34.8358667469672	SimBa
b664edf5-1f7d-4d3f-88cd-aba0d264d06d	Q0	v182	1	34.756210662762854	SimBa
1c0be4c3-b97f-4187-b1ae-6d3c90d274ab	Q0	v266	1	53.34328777194667	SimBa
1c0be4c3-b97f-4187-b1ae-6d3c90d274ab	Q0	v262	1	50.2444746634346	SimBa
1c0be4c3-b97f-4187-b1ae-6d3c90d274ab	Q0	v261	1	50.228887013226256	SimBa
1c0be4c3-b97f-4187-b1ae-6d3c90d274ab	Q0	v265	1	49.4630365590086	SimBa
1c0be4c3-b97f-4187-b1ae-6d3c90d274ab	Q0	v263	1	48.862909567453656	SimBa
1c0be4c3-b97f-4187-b1ae-6d3c90d274ab	Q0	v269	1	48.66428889427844	SimBa
1c0be4c3-b97f-4187-b1ae-6d3c90d274ab	Q0	v268	1	48.63769416064446	SimBa
1c0be4c3-b97f-4187-b1ae-6d3c90d274ab	Q0	v264	1	48.36107624957992	SimBa
1c0be4c3-b97f-4187-b1ae-6d3c90d274ab	Q0	v267	1	47.969923094955824	SimBa
1c0be4c3-b97f-4187-b1ae-6d3c90d274ab	Q0	v291	1	46.51519584934524	SimBa
09ef68db-6fc6-4c84-ab9c-b2fb1f60b91b	Q0	v210	1	39.63633669992426	SimBa
09ef68db-6fc6-4c84-ab9c-b2fb1f60b91b	Q0	v183	1	36.84802459833352	SimBa
09ef68db-6fc6-4c84-ab9c-b2fb1f60b91b	Q0	v213	1	35.40867554728773	SimBa
09ef68db-6fc6-4c84-ab9c-b2fb1f60b91b	Q0	v205	1	32.49189470595134	SimBa
09ef68db-6fc6-4c84-ab9c-b2fb1f60b91b	Q0	v180	1	32.027016954230916	SimBa
09ef68db-6fc6-4c84-ab9c-b2fb1f60b91b	Q0	v204	1	31.604118687032972	SimBa
09ef68db-6fc6-4c84-ab9c-b2fb1f60b91b	Q0	v151	1	31.138327500611634	SimBa
09ef68db-6fc6-4c84-ab9c-b2fb1f60b91b	Q0	v182	1	30.974336367249318	SimBa
09ef68db-6fc6-4c84-ab9c-b2fb1f60b91b	Q0	v207	1	30.787272947253598	SimBa
09ef68db-6fc6-4c84-ab9c-b2fb1f60b91b	Q0	v200	1	30.68817207570734	SimBa
20d32a78-fc8a-44f6-999d-8630fceb1d5a	Q0	v332	1	42.22070687154225	SimBa
20d32a78-fc8a-44f6-999d-8630fceb1d5a	Q0	v336	1	41.7941733350387	SimBa
20d32a78-fc8a-44f6-999d-8630fceb1d5a	Q0	v335	1	41.70518428156535	SimBa
20d32a78-fc8a-44f6-999d-8630fceb1d5a	Q0	v334	1	41.35567423424161	SimBa
20d32a78-fc8a-44f6-999d-8630fceb1d5a	Q0	v331	1	40.645363201964706	SimBa
20d32a78-fc8a-44f6-999d-8630fceb1d5a	Q0	v333	1	39.89336517761163	SimBa
20d32a78-fc8a-44f6-999d-8630fceb1d5a	Q0	v329	1	37.106093284713076	SimBa
20d32a78-fc8a-44f6-999d-8630fceb1d5a	Q0	v328	1	36.66116822123155	SimBa
20d32a78-fc8a-44f6-999d-8630fceb1d5a	Q0	v297	1	32.02489489784613	SimBa
20d32a78-fc8a-44f6-999d-8630fceb1d5a	Q0	v298	1	31.960166896065374	SimBa
bdb18043-5a1e-4048-8d68-320a277307d4	Q0	v416	1	32.617302813999274	SimBa
bdb18043-5a1e-4048-8d68-320a277307d4	Q0	v420	1	32.513494131120794	SimBa
bdb18043-5a1e-4048-8d68-320a277307d4	Q0	v727	1	32.37406477316574	SimBa
bdb18043-5a1e-4048-8d68-320a277307d4	Q0	v418	1	31.66677035068809	SimBa
bdb18043-5a1e-4048-8d68-320a277307d4	Q0	v1504	1	31.45649111294229	SimBa
bdb18043-5a1e-4048-8d68-320a277307d4	Q0	v731	1	31.415628317847112	SimBa
bdb18043-5a1e-4048-8d68-320a277307d4	Q0	v417	1	31.144098746599237	SimBa
bdb18043-5a1e-4048-8d68-320a277307d4	Q0	v1329	1	31.103013816541612	SimBa
bdb18043-5a1e-4048-8d68-320a277307d4	Q0	v1328	1	30.800391654628527	SimBa
bdb18043-5a1e-4048-8d68-320a277307d4	Q0	v331	1	30.190561329310007	SimBa
0a70b014-24f0-424f-9134-f9983942cb06	Q0	v333	1	40.92588109698685	SimBa
0a70b014-24f0-424f-9134-f9983942cb06	Q0	v331	1	40.61410900016521	SimBa
0a70b014-24f0-424f-9134-f9983942cb06	Q0	v335	1	40.32295529268954	SimBa
0a70b014-24f0-424f-9134-f9983942cb06	Q0	v115	1	39.782081742266065	SimBa
0a70b014-24f0-424f-9134-f9983942cb06	Q0	v332	1	39.642890181687285	SimBa
0a70b014-24f0-424f-9134-f9983942cb06	Q0	v334	1	39.49622120037696	SimBa
0a70b014-24f0-424f-9134-f9983942cb06	Q0	v336	1	38.27633386398682	SimBa
0a70b014-24f0-424f-9134-f9983942cb06	Q0	v685	1	37.945468374650545	SimBa
0a70b014-24f0-424f-9134-f9983942cb06	Q0	v1504	1	37.040795085738395	SimBa
0a70b014-24f0-424f-9134-f9983942cb06	Q0	v329	1	35.567836879753195	SimBa
ca6f6a5e-8338-421c-a6cf-d988df0f5d80	Q0	v303	1	59.86107472405362	SimBa
ca6f6a5e-8338-421c-a6cf-d988df0f5d80	Q0	v248	1	52.64975901376058	SimBa
ca6f6a5e-8338-421c-a6cf-d988df0f5d80	Q0	v289	1	51.69814643114405	SimBa
ca6f6a5e-8338-421c-a6cf-d988df0f5d80	Q0	v291	1	51.537866096244166	SimBa
ca6f6a5e-8338-421c-a6cf-d988df0f5d80	Q0	v288	1	51.34150947824185	SimBa
ca6f6a5e-8338-421c-a6cf-d988df0f5d80	Q0	v290	1	51.33502695700398	SimBa
ca6f6a5e-8338-421c-a6cf-d988df0f5d80	Q0	v269	1	51.13398206065776	SimBa
ca6f6a5e-8338-421c-a6cf-d988df0f5d80	Q0	v257	1	50.99950008513486	SimBa
ca6f6a5e-8338-421c-a6cf-d988df0f5d80	Q0	v261	1	50.941687325329234	SimBa
ca6f6a5e-8338-421c-a6cf-d988df0f5d80	Q0	v252	1	50.88956676256565	SimBa
4b74e145-ddbd-4388-9ae6-af4144fa1ddd	Q0	v202	1	41.938363059167045	SimBa
4b74e145-ddbd-4388-9ae6-af4144fa1ddd	Q0	v200	1	41.341590368178565	SimBa
4b74e145-ddbd-4388-9ae6-af4144fa1ddd	Q0	v185	1	41.28163544034082	SimBa
4b74e145-ddbd-4388-9ae6-af4144fa1ddd	Q0	v183	1	41.23813299893132	SimBa
4b74e145-ddbd-4388-9ae6-af4144fa1ddd	Q0	v333	1	41.049500790166796	SimBa
4b74e145-ddbd-4388-9ae6-af4144fa1ddd	Q0	v685	1	41.036771217883185	SimBa
4b74e145-ddbd-4388-9ae6-af4144fa1ddd	Q0	v182	1	40.85373952954299	SimBa
4b74e145-ddbd-4388-9ae6-af4144fa1ddd	Q0	v204	1	40.632875128382686	SimBa
4b74e145-ddbd-4388-9ae6-af4144fa1ddd	Q0	v331	1	40.40841637059792	SimBa
4b74e145-ddbd-4388-9ae6-af4144fa1ddd	Q0	v261	1	40.31183425849784	SimBa
966f2607-1da3-4e22-8244-954970c7d63a	Q0	v731	1	37.735384130268095	SimBa
966f2607-1da3-4e22-8244-954970c7d63a	Q0	v115	1	31.280488618119463	SimBa
966f2607-1da3-4e22-8244-954970c7d63a	Q0	v331	1	30.77508867123992	SimBa
966f2607-1da3-4e22-8244-954970c7d63a	Q0	v333	1	30.257404311262043	SimBa
966f2607-1da3-4e22-8244-954970c7d63a	Q0	v270	1	30.05631367186773	SimBa
966f2607-1da3-4e22-8244-954970c7d63a	Q0	v335	1	29.98404045428747	SimBa
966f2607-1da3-4e22-8244-954970c7d63a	Q0	v332	1	29.774135327410168	SimBa
966f2607-1da3-4e22-8244-954970c7d63a	Q0	v424	1	29.62366306501778	SimBa
966f2607-1da3-4e22-8244-954970c7d63a	Q0	v418	1	29.61601946496188	SimBa
966f2607-1da3-4e22-8244-954970c7d63a	Q0	v420	1	29.56610966589986	SimBa
c1212119-2dea-4fbd-86f8-1039e91e211e	Q0	v258	1	42.96153946745654	SimBa
c1212119-2dea-4fbd-86f8-1039e91e211e	Q0	v311	1	42.429679267255324	SimBa
c1212119-2dea-4fbd-86f8-1039e91e211e	Q0	v276	1	41.01686892832631	SimBa
c1212119-2dea-4fbd-86f8-1039e91e211e	Q0	v275	1	40.34443324956912	SimBa
c1212119-2dea-4fbd-86f8-1039e91e211e	Q0	v277	1	39.97263071595355	SimBa
c1212119-2dea-4fbd-86f8-1039e91e211e	Q0	v274	1	39.65515491970375	SimBa
c1212119-2dea-4fbd-86f8-1039e91e211e	Q0	v289	1	38.92583439136145	SimBa
c1212119-2dea-4fbd-86f8-1039e91e211e	Q0	v287	1	38.71585772151734	SimBa
c1212119-2dea-4fbd-86f8-1039e91e211e	Q0	v291	1	38.478059194367574	SimBa
c1212119-2dea-4fbd-86f8-1039e91e211e	Q0	v267	1	38.31800963509927	SimBa
e4732ad9-93a0-47ee-80eb-31e1af47760b	Q0	v321	1	37.53249101061449	SimBa
e4732ad9-93a0-47ee-80eb-31e1af47760b	Q0	v322	1	36.12213106141307	SimBa
e4732ad9-93a0-47ee-80eb-31e1af47760b	Q0	v287	1	36.05806413940324	SimBa
e4732ad9-93a0-47ee-80eb-31e1af47760b	Q0	v325	1	35.965486055433395	SimBa
e4732ad9-93a0-47ee-80eb-31e1af47760b	Q0	v954	1	35.55285286490497	SimBa
e4732ad9-93a0-47ee-80eb-31e1af47760b	Q0	v266	1	35.43393454994669	SimBa
e4732ad9-93a0-47ee-80eb-31e1af47760b	Q0	v732	1	35.22186684591619	SimBa
e4732ad9-93a0-47ee-80eb-31e1af47760b	Q0	v297	1	35.20532123165486	SimBa
e4732ad9-93a0-47ee-80eb-31e1af47760b	Q0	v291	1	34.602220030652134	SimBa
e4732ad9-93a0-47ee-80eb-31e1af47760b	Q0	v288	1	34.018871235669494	SimBa
3d39cf36-81b7-4d3f-a037-a030d68382c9	Q0	v138	1	36.796508812683975	SimBa
3d39cf36-81b7-4d3f-a037-a030d68382c9	Q0	v137	1	36.3080038633201	SimBa
3d39cf36-81b7-4d3f-a037-a030d68382c9	Q0	v136	1	35.725499403254744	SimBa
3d39cf36-81b7-4d3f-a037-a030d68382c9	Q0	v48	1	35.60288104552984	SimBa
3d39cf36-81b7-4d3f-a037-a030d68382c9	Q0	v16	1	35.53068211814486	SimBa
3d39cf36-81b7-4d3f-a037-a030d68382c9	Q0	v139	1	35.090179410236566	SimBa
3d39cf36-81b7-4d3f-a037-a030d68382c9	Q0	v18	1	34.73003216460624	SimBa
3d39cf36-81b7-4d3f-a037-a030d68382c9	Q0	v140	1	34.71222965583321	SimBa
3d39cf36-81b7-4d3f-a037-a030d68382c9	Q0	v20	1	34.607298225742156	SimBa
3d39cf36-81b7-4d3f-a037-a030d68382c9	Q0	v25	1	34.466213234334084	SimBa
27ec3d88-c27a-4525-8679-bc8e00977fef	Q0	v297	1	52.516033120184446	SimBa
27ec3d88-c27a-4525-8679-bc8e00977fef	Q0	v300	1	51.85148957676219	SimBa
27ec3d88-c27a-4525-8679-bc8e00977fef	Q0	v298	1	49.65081430010542	SimBa
27ec3d88-c27a-4525-8679-bc8e00977fef	Q0	v637	1	42.560155720329675	SimBa
27ec3d88-c27a-4525-8679-bc8e00977fef	Q0	v295	1	41.485308174942816	SimBa
27ec3d88-c27a-4525-8679-bc8e00977fef	Q0	v290	1	39.49265038141049	SimBa
27ec3d88-c27a-4525-8679-bc8e00977fef	Q0	v287	1	38.93499188672231	SimBa
27ec3d88-c27a-4525-8679-bc8e00977fef	Q0	v293	1	38.539231378583096	SimBa
27ec3d88-c27a-4525-8679-bc8e00977fef	Q0	v329	1	38.030756318398815	SimBa
27ec3d88-c27a-4525-8679-bc8e00977fef	Q0	v273	1	37.28137983554381	SimBa
f250c5ce-7e3a-4ea8-a41c-e0b29542afe9	Q0	v287	1	53.5630598501345	SimBa
f250c5ce-7e3a-4ea8-a41c-e0b29542afe9	Q0	v289	1	52.9743595039602	SimBa
f250c5ce-7e3a-4ea8-a41c-e0b29542afe9	Q0	v290	1	52.93352720150215	SimBa
f250c5ce-7e3a-4ea8-a41c-e0b29542afe9	Q0	v291	1	52.49170885534464	SimBa
f250c5ce-7e3a-4ea8-a41c-e0b29542afe9	Q0	v288	1	51.695073948088556	SimBa
f250c5ce-7e3a-4ea8-a41c-e0b29542afe9	Q0	v248	1	43.68604258196751	SimBa
f250c5ce-7e3a-4ea8-a41c-e0b29542afe9	Q0	v303	1	43.59125572265463	SimBa
f250c5ce-7e3a-4ea8-a41c-e0b29542afe9	Q0	v255	1	43.11818594956587	SimBa
f250c5ce-7e3a-4ea8-a41c-e0b29542afe9	Q0	v270	1	43.07810741672007	SimBa
f250c5ce-7e3a-4ea8-a41c-e0b29542afe9	Q0	v276	1	42.93918860034797	SimBa
25c996fe-a2dc-4d1d-8963-4d99a6278aa7	Q0	v186	1	57.67281052402657	SimBa
25c996fe-a2dc-4d1d-8963-4d99a6278aa7	Q0	v545	1	49.29520427842809	SimBa
25c996fe-a2dc-4d1d-8963-4d99a6278aa7	Q0	v683	1	47.38901687063365	SimBa
25c996fe-a2dc-4d1d-8963-4d99a6278aa7	Q0	v682	1	47.124956066690274	SimBa
25c996fe-a2dc-4d1d-8963-4d99a6278aa7	Q0	v674	1	44.95253986964877	SimBa
25c996fe-a2dc-4d1d-8963-4d99a6278aa7	Q0	v418	1	41.323338457434886	SimBa
25c996fe-a2dc-4d1d-8963-4d99a6278aa7	Q0	v416	1	41.18204904141851	SimBa
25c996fe-a2dc-4d1d-8963-4d99a6278aa7	Q0	v426	1	40.385275575586185	SimBa
25c996fe-a2dc-4d1d-8963-4d99a6278aa7	Q0	v424	1	40.304752631346936	SimBa
25c996fe-a2dc-4d1d-8963-4d99a6278aa7	Q0	v425	1	40.29359658760977	SimBa
0f13636c-4730-4d92-84d3-da2c88e9a915	Q0	v182	1	45.53906425881264	SimBa
0f13636c-4730-4d92-84d3-da2c88e9a915	Q0	v180	1	45.33053425825059	SimBa
0f13636c-4730-4d92-84d3-da2c88e9a915	Q0	v181	1	45.30031143327034	SimBa
0f13636c-4730-4d92-84d3-da2c88e9a915	Q0	v185	1	45.04028815320024	SimBa
0f13636c-4730-4d92-84d3-da2c88e9a915	Q0	v204	1	44.425335311458525	SimBa
0f13636c-4730-4d92-84d3-da2c88e9a915	Q0	v205	1	44.39595299444027	SimBa
0f13636c-4730-4d92-84d3-da2c88e9a915	Q0	v183	1	44.28505386872866	SimBa
0f13636c-4730-4d92-84d3-da2c88e9a915	Q0	v202	1	44.05532477026375	SimBa
0f13636c-4730-4d92-84d3-da2c88e9a915	Q0	v200	1	43.884978496530216	SimBa
0f13636c-4730-4d92-84d3-da2c88e9a915	Q0	v206	1	43.742309907711785	SimBa
2f8235db-872b-473d-b770-a90f33ee3ab0	Q0	v335	1	45.35354642934567	SimBa
2f8235db-872b-473d-b770-a90f33ee3ab0	Q0	v331	1	44.50836538113957	SimBa
2f8235db-872b-473d-b770-a90f33ee3ab0	Q0	v333	1	42.74780941188317	SimBa
2f8235db-872b-473d-b770-a90f33ee3ab0	Q0	v336	1	42.20119453732811	SimBa
2f8235db-872b-473d-b770-a90f33ee3ab0	Q0	v334	1	41.37942203748807	SimBa
2f8235db-872b-473d-b770-a90f33ee3ab0	Q0	v332	1	39.802983231522525	SimBa
2f8235db-872b-473d-b770-a90f33ee3ab0	Q0	v329	1	36.68875851792583	SimBa
2f8235db-872b-473d-b770-a90f33ee3ab0	Q0	v384	1	33.47996659487528	SimBa
2f8235db-872b-473d-b770-a90f33ee3ab0	Q0	v328	1	33.46835896699757	SimBa
2f8235db-872b-473d-b770-a90f33ee3ab0	Q0	v382	1	32.56184060281048	SimBa
c57e52e0-b466-43d7-abe0-8de57e5a6cdd	Q0	v1328	1	43.185119876165174	SimBa
c57e52e0-b466-43d7-abe0-8de57e5a6cdd	Q0	v290	1	40.205733587671176	SimBa
c57e52e0-b466-43d7-abe0-8de57e5a6cdd	Q0	v18	1	40.01318740561739	SimBa
c57e52e0-b466-43d7-abe0-8de57e5a6cdd	Q0	v291	1	39.976077015206165	SimBa
c57e52e0-b466-43d7-abe0-8de57e5a6cdd	Q0	v289	1	39.94325332832683	SimBa
c57e52e0-b466-43d7-abe0-8de57e5a6cdd	Q0	v288	1	39.647670070055696	SimBa
c57e52e0-b466-43d7-abe0-8de57e5a6cdd	Q0	v287	1	39.43703287563961	SimBa
c57e52e0-b466-43d7-abe0-8de57e5a6cdd	Q0	v247	1	38.93841058234873	SimBa
c57e52e0-b466-43d7-abe0-8de57e5a6cdd	Q0	v261	1	38.885638413492586	SimBa
c57e52e0-b466-43d7-abe0-8de57e5a6cdd	Q0	v264	1	38.77566805315277	SimBa
137acd96-8cd2-4fea-87da-26a6c51fdd2a	Q0	v955	1	39.36213120743602	SimBa
137acd96-8cd2-4fea-87da-26a6c51fdd2a	Q0	v731	1	36.5079730901335	SimBa
137acd96-8cd2-4fea-87da-26a6c51fdd2a	Q0	v942	1	35.61083375721811	SimBa
137acd96-8cd2-4fea-87da-26a6c51fdd2a	Q0	v151	1	34.453273652410445	SimBa
137acd96-8cd2-4fea-87da-26a6c51fdd2a	Q0	v416	1	33.80037470872729	SimBa
137acd96-8cd2-4fea-87da-26a6c51fdd2a	Q0	v425	1	33.345928215657665	SimBa
137acd96-8cd2-4fea-87da-26a6c51fdd2a	Q0	v929	1	33.176311377128116	SimBa
137acd96-8cd2-4fea-87da-26a6c51fdd2a	Q0	v419	1	32.6937035487039	SimBa
137acd96-8cd2-4fea-87da-26a6c51fdd2a	Q0	v420	1	32.50551069380848	SimBa
137acd96-8cd2-4fea-87da-26a6c51fdd2a	Q0	v913	1	32.11030776533629	SimBa
f9f00910-0768-4827-8859-88e50249b2af	Q0	v706	1	32.240597944642	SimBa
f9f00910-0768-4827-8859-88e50249b2af	Q0	v703	1	31.489594581703358	SimBa
f9f00910-0768-4827-8859-88e50249b2af	Q0	v693	1	31.489594581703358	SimBa
f9f00910-0768-4827-8859-88e50249b2af	Q0	v710	1	31.064915722164876	SimBa
f9f00910-0768-4827-8859-88e50249b2af	Q0	v731	1	30.700331264174785	SimBa
f9f00910-0768-4827-8859-88e50249b2af	Q0	v328	1	30.63676468337378	SimBa
f9f00910-0768-4827-8859-88e50249b2af	Q0	v688	1	28.25000303073765	SimBa
f9f00910-0768-4827-8859-88e50249b2af	Q0	v329	1	28.087924198649123	SimBa
f9f00910-0768-4827-8859-88e50249b2af	Q0	v955	1	27.743380380324613	SimBa
f9f00910-0768-4827-8859-88e50249b2af	Q0	v298	1	25.67967680677957	SimBa
630f65cb-84a4-4fe6-b689-08c0cb5c3cb8	Q0	v265	1	43.73796203191363	SimBa
630f65cb-84a4-4fe6-b689-08c0cb5c3cb8	Q0	v311	1	43.652944630961535	SimBa
630f65cb-84a4-4fe6-b689-08c0cb5c3cb8	Q0	v276	1	42.64303693891461	SimBa
630f65cb-84a4-4fe6-b689-08c0cb5c3cb8	Q0	v275	1	42.612454643885435	SimBa
630f65cb-84a4-4fe6-b689-08c0cb5c3cb8	Q0	v263	1	42.456941834653975	SimBa
630f65cb-84a4-4fe6-b689-08c0cb5c3cb8	Q0	v277	1	41.901661167103136	SimBa
630f65cb-84a4-4fe6-b689-08c0cb5c3cb8	Q0	v261	1	41.66025222939489	SimBa
630f65cb-84a4-4fe6-b689-08c0cb5c3cb8	Q0	v262	1	41.65557363529236	SimBa
630f65cb-84a4-4fe6-b689-08c0cb5c3cb8	Q0	v274	1	41.308252397809966	SimBa
630f65cb-84a4-4fe6-b689-08c0cb5c3cb8	Q0	v287	1	41.11099204901462	SimBa
42f9504a-772c-4302-a555-b99a8ac0d31b	Q0	v151	1	48.25507855867174	SimBa
42f9504a-772c-4302-a555-b99a8ac0d31b	Q0	v152	1	41.22530227553759	SimBa
42f9504a-772c-4302-a555-b99a8ac0d31b	Q0	v200	1	38.07676293325032	SimBa
42f9504a-772c-4302-a555-b99a8ac0d31b	Q0	v205	1	35.91183148084615	SimBa
42f9504a-772c-4302-a555-b99a8ac0d31b	Q0	v202	1	35.68522966042368	SimBa
42f9504a-772c-4302-a555-b99a8ac0d31b	Q0	v207	1	35.6022248920139	SimBa
42f9504a-772c-4302-a555-b99a8ac0d31b	Q0	v206	1	35.352386285191024	SimBa
42f9504a-772c-4302-a555-b99a8ac0d31b	Q0	v182	1	35.25653804945962	SimBa
42f9504a-772c-4302-a555-b99a8ac0d31b	Q0	v204	1	34.97319018151962	SimBa
42f9504a-772c-4302-a555-b99a8ac0d31b	Q0	v184	1	34.60807255289644	SimBa
15cfd233-6c29-4a40-9151-cc3762549025	Q0	v207	1	44.88127432067109	SimBa
15cfd233-6c29-4a40-9151-cc3762549025	Q0	v184	1	42.794756387658275	SimBa
15cfd233-6c29-4a40-9151-cc3762549025	Q0	v206	1	42.63944641576337	SimBa
15cfd233-6c29-4a40-9151-cc3762549025	Q0	v180	1	41.498701223563046	SimBa
15cfd233-6c29-4a40-9151-cc3762549025	Q0	v182	1	41.40677632644748	SimBa
15cfd233-6c29-4a40-9151-cc3762549025	Q0	v205	1	41.39513070014621	SimBa
15cfd233-6c29-4a40-9151-cc3762549025	Q0	v202	1	41.33870935311332	SimBa
15cfd233-6c29-4a40-9151-cc3762549025	Q0	v200	1	41.05710891244776	SimBa
15cfd233-6c29-4a40-9151-cc3762549025	Q0	v181	1	41.048087670294954	SimBa
15cfd233-6c29-4a40-9151-cc3762549025	Q0	v183	1	40.23845322932037	SimBa
909f9c75-ddf6-4cd5-a433-d20c759b6487	Q0	v20	1	48.44591378726651	SimBa
909f9c75-ddf6-4cd5-a433-d20c759b6487	Q0	v115	1	40.39069432996116	SimBa
909f9c75-ddf6-4cd5-a433-d20c759b6487	Q0	v140	1	40.22239032819739	SimBa
909f9c75-ddf6-4cd5-a433-d20c759b6487	Q0	v580	1	39.37422103426664	SimBa
909f9c75-ddf6-4cd5-a433-d20c759b6487	Q0	v48	1	39.175679097976506	SimBa
909f9c75-ddf6-4cd5-a433-d20c759b6487	Q0	v23	1	38.4608643891064	SimBa
909f9c75-ddf6-4cd5-a433-d20c759b6487	Q0	v152	1	37.70755883565033	SimBa
909f9c75-ddf6-4cd5-a433-d20c759b6487	Q0	v206	1	36.54554491460934	SimBa
909f9c75-ddf6-4cd5-a433-d20c759b6487	Q0	v207	1	36.06777755324174	SimBa
909f9c75-ddf6-4cd5-a433-d20c759b6487	Q0	v272	1	35.87388602366704	SimBa
58d182ad-8dc3-483f-bd28-d0cfb990e630	Q0	v298	1	59.679556699975535	SimBa
58d182ad-8dc3-483f-bd28-d0cfb990e630	Q0	v300	1	55.24809647546394	SimBa
58d182ad-8dc3-483f-bd28-d0cfb990e630	Q0	v293	1	54.38178570194447	SimBa
58d182ad-8dc3-483f-bd28-d0cfb990e630	Q0	v297	1	54.24642866732029	SimBa
58d182ad-8dc3-483f-bd28-d0cfb990e630	Q0	v295	1	50.56210163032651	SimBa
58d182ad-8dc3-483f-bd28-d0cfb990e630	Q0	v637	1	48.8641931650392	SimBa
58d182ad-8dc3-483f-bd28-d0cfb990e630	Q0	v262	1	44.51099330776074	SimBa
58d182ad-8dc3-483f-bd28-d0cfb990e630	Q0	v288	1	44.38701257582876	SimBa
58d182ad-8dc3-483f-bd28-d0cfb990e630	Q0	v261	1	44.34589001665351	SimBa
58d182ad-8dc3-483f-bd28-d0cfb990e630	Q0	v265	1	44.329824963443784	SimBa
4d4a6cad-7a8b-44fc-8a9c-26eae19bd11c	Q0	v331	1	42.12776408733003	SimBa
4d4a6cad-7a8b-44fc-8a9c-26eae19bd11c	Q0	v333	1	42.093653518851966	SimBa
4d4a6cad-7a8b-44fc-8a9c-26eae19bd11c	Q0	v335	1	41.10150357051777	SimBa
4d4a6cad-7a8b-44fc-8a9c-26eae19bd11c	Q0	v332	1	39.66329532342009	SimBa
4d4a6cad-7a8b-44fc-8a9c-26eae19bd11c	Q0	v334	1	38.97760466558069	SimBa
4d4a6cad-7a8b-44fc-8a9c-26eae19bd11c	Q0	v336	1	38.967785945282685	SimBa
4d4a6cad-7a8b-44fc-8a9c-26eae19bd11c	Q0	v115	1	34.18270438033342	SimBa
4d4a6cad-7a8b-44fc-8a9c-26eae19bd11c	Q0	v329	1	33.536718309004044	SimBa
4d4a6cad-7a8b-44fc-8a9c-26eae19bd11c	Q0	v380	1	32.04137362349503	SimBa
4d4a6cad-7a8b-44fc-8a9c-26eae19bd11c	Q0	v384	1	31.445521064827926	SimBa
bc969060-e29b-4618-ac45-4dc46578e796	Q0	v288	1	44.676586614558325	SimBa
bc969060-e29b-4618-ac45-4dc46578e796	Q0	v291	1	43.37247636676486	SimBa
bc969060-e29b-4618-ac45-4dc46578e796	Q0	v290	1	43.23903792041975	SimBa
bc969060-e29b-4618-ac45-4dc46578e796	Q0	v289	1	43.19025598162144	SimBa
bc969060-e29b-4618-ac45-4dc46578e796	Q0	v287	1	43.02331500916644	SimBa
bc969060-e29b-4618-ac45-4dc46578e796	Q0	v258	1	42.51518253210725	SimBa
bc969060-e29b-4618-ac45-4dc46578e796	Q0	veastwest	1	42.015658595764094	SimBa
bc969060-e29b-4618-ac45-4dc46578e796	Q0	v303	1	41.971714155160214	SimBa
bc969060-e29b-4618-ac45-4dc46578e796	Q0	v257	1	41.41960432972205	SimBa
bc969060-e29b-4618-ac45-4dc46578e796	Q0	v270	1	41.24965842653218	SimBa
a063b964-2bfa-414a-b27e-1daa629753fa	Q0	v140	1	38.391454408341616	SimBa
a063b964-2bfa-414a-b27e-1daa629753fa	Q0	v686	1	37.99481680195549	SimBa
a063b964-2bfa-414a-b27e-1daa629753fa	Q0	v207	1	37.84707530909024	SimBa
a063b964-2bfa-414a-b27e-1daa629753fa	Q0	v688	1	37.797931187016964	SimBa
a063b964-2bfa-414a-b27e-1daa629753fa	Q0	v200	1	37.519026606935014	SimBa
a063b964-2bfa-414a-b27e-1daa629753fa	Q0	v206	1	37.35028636921047	SimBa
a063b964-2bfa-414a-b27e-1daa629753fa	Q0	v180	1	37.169025230397494	SimBa
a063b964-2bfa-414a-b27e-1daa629753fa	Q0	v183	1	36.86490200254064	SimBa
a063b964-2bfa-414a-b27e-1daa629753fa	Q0	v202	1	36.864614802584086	SimBa
a063b964-2bfa-414a-b27e-1daa629753fa	Q0	v205	1	36.85486411383435	SimBa
4165a241-1479-4646-b963-5c096e7b292e	Q0	v184	1	43.85809380460009	SimBa
4165a241-1479-4646-b963-5c096e7b292e	Q0	v180	1	42.02010366158728	SimBa
4165a241-1479-4646-b963-5c096e7b292e	Q0	v182	1	38.66902205454883	SimBa
4165a241-1479-4646-b963-5c096e7b292e	Q0	v181	1	38.634416617744805	SimBa
4165a241-1479-4646-b963-5c096e7b292e	Q0	v185	1	38.51981200685649	SimBa
4165a241-1479-4646-b963-5c096e7b292e	Q0	v204	1	38.33265710136826	SimBa
4165a241-1479-4646-b963-5c096e7b292e	Q0	v205	1	38.11674282397487	SimBa
4165a241-1479-4646-b963-5c096e7b292e	Q0	v200	1	37.72623130625743	SimBa
4165a241-1479-4646-b963-5c096e7b292e	Q0	v202	1	36.84787949052388	SimBa
4165a241-1479-4646-b963-5c096e7b292e	Q0	v183	1	36.319598540511286	SimBa
d72ecff0-30af-459c-8c56-2a1fe122c85f	Q0	v335	1	37.996478410249324	SimBa
d72ecff0-30af-459c-8c56-2a1fe122c85f	Q0	v331	1	37.42821254127243	SimBa
d72ecff0-30af-459c-8c56-2a1fe122c85f	Q0	v333	1	36.73552506280225	SimBa
d72ecff0-30af-459c-8c56-2a1fe122c85f	Q0	v336	1	35.435916615835914	SimBa
d72ecff0-30af-459c-8c56-2a1fe122c85f	Q0	v334	1	35.35584094452692	SimBa
d72ecff0-30af-459c-8c56-2a1fe122c85f	Q0	v329	1	34.266983660665794	SimBa
d72ecff0-30af-459c-8c56-2a1fe122c85f	Q0	v332	1	34.00531324405263	SimBa
d72ecff0-30af-459c-8c56-2a1fe122c85f	Q0	v929	1	32.34540179076612	SimBa
d72ecff0-30af-459c-8c56-2a1fe122c85f	Q0	v210	1	32.0980429275253	SimBa
d72ecff0-30af-459c-8c56-2a1fe122c85f	Q0	v425	1	32.01218486196443	SimBa
e069d646-35ff-4800-92d2-f170876b68e3	Q0	v687	1	39.37318856956077	SimBa
e069d646-35ff-4800-92d2-f170876b68e3	Q0	v115	1	35.88179895195896	SimBa
e069d646-35ff-4800-92d2-f170876b68e3	Q0	v688	1	33.877150311948526	SimBa
e069d646-35ff-4800-92d2-f170876b68e3	Q0	v278	1	33.5700263980524	SimBa
e069d646-35ff-4800-92d2-f170876b68e3	Q0	v684	1	33.524780992796025	SimBa
e069d646-35ff-4800-92d2-f170876b68e3	Q0	v1911	1	33.43013043047819	SimBa
e069d646-35ff-4800-92d2-f170876b68e3	Q0	v253	1	33.37618099034427	SimBa
e069d646-35ff-4800-92d2-f170876b68e3	Q0	v272	1	33.09690130437693	SimBa
e069d646-35ff-4800-92d2-f170876b68e3	Q0	v273	1	32.93362174517309	SimBa
e069d646-35ff-4800-92d2-f170876b68e3	Q0	v333	1	32.744583188323986	SimBa
514f047b-516c-4771-88e4-7f5f4e33a54b	Q0	v1911	1	45.847224650597376	SimBa
514f047b-516c-4771-88e4-7f5f4e33a54b	Q0	v1906	1	40.21556029295244	SimBa
514f047b-516c-4771-88e4-7f5f4e33a54b	Q0	v729	1	35.59249840137142	SimBa
514f047b-516c-4771-88e4-7f5f4e33a54b	Q0	v731	1	34.28237258470445	SimBa
514f047b-516c-4771-88e4-7f5f4e33a54b	Q0	v727	1	32.03504884455567	SimBa
514f047b-516c-4771-88e4-7f5f4e33a54b	Q0	v891	1	31.076606665127205	SimBa
514f047b-516c-4771-88e4-7f5f4e33a54b	Q0	v27	1	31.0521317099115	SimBa
514f047b-516c-4771-88e4-7f5f4e33a54b	Q0	v1910	1	30.42851420642655	SimBa
514f047b-516c-4771-88e4-7f5f4e33a54b	Q0	v915	1	29.960372418827568	SimBa
514f047b-516c-4771-88e4-7f5f4e33a54b	Q0	v1504	1	29.8517138636169	SimBa
ffae2122-e7dd-4bcd-98f8-ba586e803503	Q0	v331	1	35.768065939453166	SimBa
ffae2122-e7dd-4bcd-98f8-ba586e803503	Q0	v333	1	35.723876953889935	SimBa
ffae2122-e7dd-4bcd-98f8-ba586e803503	Q0	v329	1	35.525711180611545	SimBa
ffae2122-e7dd-4bcd-98f8-ba586e803503	Q0	v335	1	35.21354094683897	SimBa
ffae2122-e7dd-4bcd-98f8-ba586e803503	Q0	v382	1	33.4642877394981	SimBa
ffae2122-e7dd-4bcd-98f8-ba586e803503	Q0	v336	1	33.34437863139244	SimBa
ffae2122-e7dd-4bcd-98f8-ba586e803503	Q0	v334	1	32.83599961980106	SimBa
ffae2122-e7dd-4bcd-98f8-ba586e803503	Q0	v380	1	31.69761923404586	SimBa
ffae2122-e7dd-4bcd-98f8-ba586e803503	Q0	v384	1	31.37259257763606	SimBa
ffae2122-e7dd-4bcd-98f8-ba586e803503	Q0	v332	1	31.22836556884933	SimBa
e792e112-944c-4580-88cc-7194e0baef3b	Q0	v184	1	44.65788930263027	SimBa
e792e112-944c-4580-88cc-7194e0baef3b	Q0	v180	1	42.19734834369778	SimBa
e792e112-944c-4580-88cc-7194e0baef3b	Q0	v182	1	38.886694860055506	SimBa
e792e112-944c-4580-88cc-7194e0baef3b	Q0	v181	1	38.514049303461746	SimBa
e792e112-944c-4580-88cc-7194e0baef3b	Q0	v185	1	38.48350068753854	SimBa
e792e112-944c-4580-88cc-7194e0baef3b	Q0	v204	1	38.44379274651264	SimBa
e792e112-944c-4580-88cc-7194e0baef3b	Q0	v18	1	38.34451104911759	SimBa
e792e112-944c-4580-88cc-7194e0baef3b	Q0	v205	1	37.997617495488946	SimBa
e792e112-944c-4580-88cc-7194e0baef3b	Q0	v200	1	37.87191617451322	SimBa
e792e112-944c-4580-88cc-7194e0baef3b	Q0	v202	1	37.10452865724366	SimBa
51fca110-0762-478a-840f-7bfb07f0e385	Q0	v298	1	39.15818778491443	SimBa
51fca110-0762-478a-840f-7bfb07f0e385	Q0	v297	1	38.55718397598059	SimBa
51fca110-0762-478a-840f-7bfb07f0e385	Q0	v328	1	37.96830605039303	SimBa
51fca110-0762-478a-840f-7bfb07f0e385	Q0	v300	1	37.9389817636988	SimBa
51fca110-0762-478a-840f-7bfb07f0e385	Q0	v329	1	36.63152230674111	SimBa
51fca110-0762-478a-840f-7bfb07f0e385	Q0	v311	1	35.86495832568804	SimBa
51fca110-0762-478a-840f-7bfb07f0e385	Q0	v1320	1	34.98224788171274	SimBa
51fca110-0762-478a-840f-7bfb07f0e385	Q0	v274	1	34.885944264702054	SimBa
51fca110-0762-478a-840f-7bfb07f0e385	Q0	v1329	1	34.23048556159271	SimBa
51fca110-0762-478a-840f-7bfb07f0e385	Q0	v250	1	34.06248666176556	SimBa
928a9464-f34b-4f16-89f1-89fd5cf362f1	Q0	v915	1	41.913239099179506	SimBa
928a9464-f34b-4f16-89f1-89fd5cf362f1	Q0	v913	1	41.040591725638826	SimBa
928a9464-f34b-4f16-89f1-89fd5cf362f1	Q0	v695	1	41.01253470687357	SimBa
928a9464-f34b-4f16-89f1-89fd5cf362f1	Q0	v918	1	40.14861921039496	SimBa
928a9464-f34b-4f16-89f1-89fd5cf362f1	Q0	v718	1	37.94431417893061	SimBa
928a9464-f34b-4f16-89f1-89fd5cf362f1	Q0	v714	1	37.39382335415006	SimBa
928a9464-f34b-4f16-89f1-89fd5cf362f1	Q0	v205	1	37.33389418627194	SimBa
928a9464-f34b-4f16-89f1-89fd5cf362f1	Q0	v257	1	37.102536108177006	SimBa
928a9464-f34b-4f16-89f1-89fd5cf362f1	Q0	v253	1	36.73016355800258	SimBa
928a9464-f34b-4f16-89f1-89fd5cf362f1	Q0	v204	1	36.49646314127805	SimBa
24b88f8c-b758-4637-b5ca-5e3305ea6917	Q0	v425	1	40.677273626661474	SimBa
24b88f8c-b758-4637-b5ca-5e3305ea6917	Q0	v426	1	39.50745860924938	SimBa
24b88f8c-b758-4637-b5ca-5e3305ea6917	Q0	v424	1	39.10702726300744	SimBa
24b88f8c-b758-4637-b5ca-5e3305ea6917	Q0	v427	1	37.99187225611062	SimBa
24b88f8c-b758-4637-b5ca-5e3305ea6917	Q0	v417	1	36.0896843888037	SimBa
24b88f8c-b758-4637-b5ca-5e3305ea6917	Q0	v682	1	35.8171983553457	SimBa
24b88f8c-b758-4637-b5ca-5e3305ea6917	Q0	v335	1	33.78229198640631	SimBa
24b88f8c-b758-4637-b5ca-5e3305ea6917	Q0	v205	1	33.75503278947657	SimBa
24b88f8c-b758-4637-b5ca-5e3305ea6917	Q0	v331	1	33.712834305757674	SimBa
24b88f8c-b758-4637-b5ca-5e3305ea6917	Q0	v420	1	33.64942898242633	SimBa
5986884e-336b-40a9-bfba-9c8c55b55bbe	Q0	v210	1	46.74810861024543	SimBa
5986884e-336b-40a9-bfba-9c8c55b55bbe	Q0	v213	1	41.086167362086265	SimBa
5986884e-336b-40a9-bfba-9c8c55b55bbe	Q0	v183	1	39.78555807832621	SimBa
5986884e-336b-40a9-bfba-9c8c55b55bbe	Q0	v180	1	38.59186980255534	SimBa
5986884e-336b-40a9-bfba-9c8c55b55bbe	Q0	v205	1	37.86045121826957	SimBa
5986884e-336b-40a9-bfba-9c8c55b55bbe	Q0	v182	1	37.5428615685739	SimBa
5986884e-336b-40a9-bfba-9c8c55b55bbe	Q0	v181	1	37.22596873267927	SimBa
5986884e-336b-40a9-bfba-9c8c55b55bbe	Q0	v204	1	37.04615264087989	SimBa
5986884e-336b-40a9-bfba-9c8c55b55bbe	Q0	v186	1	36.43281407893498	SimBa
5986884e-336b-40a9-bfba-9c8c55b55bbe	Q0	v202	1	36.133702555687975	SimBa
99a71fa4-58a5-4e52-8149-18c980624bdc	Q0	v336	1	40.992349601620184	SimBa
99a71fa4-58a5-4e52-8149-18c980624bdc	Q0	v332	1	40.06895291806748	SimBa
99a71fa4-58a5-4e52-8149-18c980624bdc	Q0	v335	1	36.990449415994874	SimBa
99a71fa4-58a5-4e52-8149-18c980624bdc	Q0	v329	1	36.82867624249426	SimBa
99a71fa4-58a5-4e52-8149-18c980624bdc	Q0	v334	1	36.816836415560985	SimBa
99a71fa4-58a5-4e52-8149-18c980624bdc	Q0	v331	1	36.07891277794984	SimBa
99a71fa4-58a5-4e52-8149-18c980624bdc	Q0	v333	1	35.88412463856092	SimBa
99a71fa4-58a5-4e52-8149-18c980624bdc	Q0	v425	1	34.28432761976487	SimBa
99a71fa4-58a5-4e52-8149-18c980624bdc	Q0	v424	1	33.51184022997607	SimBa
99a71fa4-58a5-4e52-8149-18c980624bdc	Q0	v427	1	33.46525382303128	SimBa
029ad16f-0e91-429d-9de3-3778428fe581	Q0	v286	1	41.74464774282504	SimBa
029ad16f-0e91-429d-9de3-3778428fe581	Q0	v274	1	41.179714412354194	SimBa
029ad16f-0e91-429d-9de3-3778428fe581	Q0	v276	1	40.836409894256406	SimBa
029ad16f-0e91-429d-9de3-3778428fe581	Q0	v277	1	40.81006653227296	SimBa
029ad16f-0e91-429d-9de3-3778428fe581	Q0	v275	1	39.994641243063384	SimBa
029ad16f-0e91-429d-9de3-3778428fe581	Q0	v255	1	37.98947903925402	SimBa
029ad16f-0e91-429d-9de3-3778428fe581	Q0	v257	1	37.62896038054217	SimBa
029ad16f-0e91-429d-9de3-3778428fe581	Q0	v252	1	37.53198184399419	SimBa
029ad16f-0e91-429d-9de3-3778428fe581	Q0	v290	1	37.50679922016462	SimBa
029ad16f-0e91-429d-9de3-3778428fe581	Q0	v258	1	37.39223884769975	SimBa
d1df920d-c756-454b-bd8e-f41e8f2c61d9	Q0	v258	1	44.76520586782606	SimBa
d1df920d-c756-454b-bd8e-f41e8f2c61d9	Q0	v253	1	42.41280758178658	SimBa
d1df920d-c756-454b-bd8e-f41e8f2c61d9	Q0	v269	1	42.19411053900798	SimBa
d1df920d-c756-454b-bd8e-f41e8f2c61d9	Q0	v257	1	41.65826719727893	SimBa
d1df920d-c756-454b-bd8e-f41e8f2c61d9	Q0	v252	1	41.5219610842181	SimBa
d1df920d-c756-454b-bd8e-f41e8f2c61d9	Q0	v267	1	41.493868413387915	SimBa
d1df920d-c756-454b-bd8e-f41e8f2c61d9	Q0	v272	1	41.255144211902774	SimBa
d1df920d-c756-454b-bd8e-f41e8f2c61d9	Q0	v255	1	41.23760050037733	SimBa
d1df920d-c756-454b-bd8e-f41e8f2c61d9	Q0	v265	1	41.203996665512385	SimBa
d1df920d-c756-454b-bd8e-f41e8f2c61d9	Q0	v270	1	41.12188303120657	SimBa
41faf498-7ec3-42d8-8413-45c5ea5960bd	Q0	v735	1	55.44506033459407	SimBa
41faf498-7ec3-42d8-8413-45c5ea5960bd	Q0	v742	1	48.69128588456398	SimBa
41faf498-7ec3-42d8-8413-45c5ea5960bd	Q0	v737	1	48.50331784915804	SimBa
41faf498-7ec3-42d8-8413-45c5ea5960bd	Q0	v1910	1	41.016431336779156	SimBa
41faf498-7ec3-42d8-8413-45c5ea5960bd	Q0	v462	1	40.79461920645866	SimBa
41faf498-7ec3-42d8-8413-45c5ea5960bd	Q0	v442	1	40.4580846311343	SimBa
41faf498-7ec3-42d8-8413-45c5ea5960bd	Q0	v454	1	39.88789939444227	SimBa
41faf498-7ec3-42d8-8413-45c5ea5960bd	Q0	v580	1	37.01090292944711	SimBa
41faf498-7ec3-42d8-8413-45c5ea5960bd	Q0	v734	1	33.30918169419995	SimBa
41faf498-7ec3-42d8-8413-45c5ea5960bd	Q0	v229	1	33.06500876078904	SimBa
4297a444-2836-4adc-8bd8-657cd027a26b	Q0	v290	1	40.58551525063081	SimBa
4297a444-2836-4adc-8bd8-657cd027a26b	Q0	v288	1	38.002811459753275	SimBa
4297a444-2836-4adc-8bd8-657cd027a26b	Q0	v287	1	37.71194663680238	SimBa
4297a444-2836-4adc-8bd8-657cd027a26b	Q0	v291	1	37.23966052195406	SimBa
4297a444-2836-4adc-8bd8-657cd027a26b	Q0	v277	1	36.75154864695621	SimBa
4297a444-2836-4adc-8bd8-657cd027a26b	Q0	v289	1	36.22680009520446	SimBa
4297a444-2836-4adc-8bd8-657cd027a26b	Q0	v274	1	35.60857852989798	SimBa
4297a444-2836-4adc-8bd8-657cd027a26b	Q0	v265	1	35.5993336461459	SimBa
4297a444-2836-4adc-8bd8-657cd027a26b	Q0	v311	1	35.52585099401383	SimBa
4297a444-2836-4adc-8bd8-657cd027a26b	Q0	v276	1	35.52576614097477	SimBa
9211edd5-aeb5-4d89-a77e-29c6472b3857	Q0	v182	1	45.82572095911879	SimBa
9211edd5-aeb5-4d89-a77e-29c6472b3857	Q0	v185	1	44.604346451407515	SimBa
9211edd5-aeb5-4d89-a77e-29c6472b3857	Q0	v205	1	44.39869054263942	SimBa
9211edd5-aeb5-4d89-a77e-29c6472b3857	Q0	v200	1	44.33593975717425	SimBa
9211edd5-aeb5-4d89-a77e-29c6472b3857	Q0	v204	1	44.296485074292924	SimBa
9211edd5-aeb5-4d89-a77e-29c6472b3857	Q0	v180	1	43.94480829957937	SimBa
9211edd5-aeb5-4d89-a77e-29c6472b3857	Q0	v181	1	43.52550680100946	SimBa
9211edd5-aeb5-4d89-a77e-29c6472b3857	Q0	v202	1	43.28242359570261	SimBa
9211edd5-aeb5-4d89-a77e-29c6472b3857	Q0	v183	1	43.14265354785998	SimBa
9211edd5-aeb5-4d89-a77e-29c6472b3857	Q0	v206	1	42.61237753259587	SimBa
13b3e641-7a89-40b6-bb51-8b9c3b80bdd4	Q0	v269	1	39.24579417450161	SimBa
13b3e641-7a89-40b6-bb51-8b9c3b80bdd4	Q0	v267	1	38.84800664194062	SimBa
13b3e641-7a89-40b6-bb51-8b9c3b80bdd4	Q0	v263	1	37.967269233836106	SimBa
13b3e641-7a89-40b6-bb51-8b9c3b80bdd4	Q0	v266	1	37.437713114383335	SimBa
13b3e641-7a89-40b6-bb51-8b9c3b80bdd4	Q0	v268	1	36.91654353911355	SimBa
13b3e641-7a89-40b6-bb51-8b9c3b80bdd4	Q0	v262	1	36.581585711005836	SimBa
13b3e641-7a89-40b6-bb51-8b9c3b80bdd4	Q0	v258	1	36.46442686140446	SimBa
13b3e641-7a89-40b6-bb51-8b9c3b80bdd4	Q0	v265	1	36.452699028136315	SimBa
13b3e641-7a89-40b6-bb51-8b9c3b80bdd4	Q0	v674	1	36.39294834741587	SimBa
13b3e641-7a89-40b6-bb51-8b9c3b80bdd4	Q0	v264	1	36.08984395295975	SimBa
0010cb68-a98f-45d1-bd27-ba68a34d8cad	Q0	v393	1	51.787401010484935	SimBa
0010cb68-a98f-45d1-bd27-ba68a34d8cad	Q0	v384	1	51.66749846189719	SimBa
0010cb68-a98f-45d1-bd27-ba68a34d8cad	Q0	v380	1	51.62961815424209	SimBa
0010cb68-a98f-45d1-bd27-ba68a34d8cad	Q0	v382	1	51.15405990932087	SimBa
0010cb68-a98f-45d1-bd27-ba68a34d8cad	Q0	v329	1	44.853389833455594	SimBa
0010cb68-a98f-45d1-bd27-ba68a34d8cad	Q0	v335	1	40.506820191675786	SimBa
0010cb68-a98f-45d1-bd27-ba68a34d8cad	Q0	v336	1	40.29467989721597	SimBa
0010cb68-a98f-45d1-bd27-ba68a34d8cad	Q0	v333	1	40.232125779341274	SimBa
0010cb68-a98f-45d1-bd27-ba68a34d8cad	Q0	v331	1	39.05643576251139	SimBa
0010cb68-a98f-45d1-bd27-ba68a34d8cad	Q0	v115	1	38.823850082617035	SimBa
00f0868f-17aa-402a-b4b2-4ce930683fca	Q0	v277	1	37.84643619056092	SimBa
00f0868f-17aa-402a-b4b2-4ce930683fca	Q0	v274	1	36.00845055248597	SimBa
00f0868f-17aa-402a-b4b2-4ce930683fca	Q0	v419	1	35.341530397602675	SimBa
00f0868f-17aa-402a-b4b2-4ce930683fca	Q0	v275	1	34.63034412379634	SimBa
00f0868f-17aa-402a-b4b2-4ce930683fca	Q0	v276	1	33.66511008232456	SimBa
00f0868f-17aa-402a-b4b2-4ce930683fca	Q0	v688	1	32.493502948586276	SimBa
00f0868f-17aa-402a-b4b2-4ce930683fca	Q0	v295	1	32.10000387597996	SimBa
00f0868f-17aa-402a-b4b2-4ce930683fca	Q0	v293	1	31.687866119528135	SimBa
00f0868f-17aa-402a-b4b2-4ce930683fca	Q0	v416	1	31.684029673963142	SimBa
00f0868f-17aa-402a-b4b2-4ce930683fca	Q0	v420	1	31.610642261924347	SimBa
bced0e64-661b-4a24-b17b-32c43244bd3e	Q0	v688	1	52.52031686164743	SimBa
bced0e64-661b-4a24-b17b-32c43244bd3e	Q0	v229	1	43.49178489021387	SimBa
bced0e64-661b-4a24-b17b-32c43244bd3e	Q0	v223	1	42.67324170370827	SimBa
bced0e64-661b-4a24-b17b-32c43244bd3e	Q0	v1911	1	41.319177746203714	SimBa
bced0e64-661b-4a24-b17b-32c43244bd3e	Q0	v1910	1	37.924679572799434	SimBa
bced0e64-661b-4a24-b17b-32c43244bd3e	Q0	v1906	1	37.27773157445938	SimBa
bced0e64-661b-4a24-b17b-32c43244bd3e	Q0	v331	1	36.20268798316425	SimBa
bced0e64-661b-4a24-b17b-32c43244bd3e	Q0	v333	1	36.060261087692574	SimBa
bced0e64-661b-4a24-b17b-32c43244bd3e	Q0	v687	1	35.52933052793975	SimBa
bced0e64-661b-4a24-b17b-32c43244bd3e	Q0	v580	1	35.49719444596926	SimBa
2a242751-1d08-4d7d-834b-fe6732dca09a	Q0	v275	1	45.65192925442139	SimBa
2a242751-1d08-4d7d-834b-fe6732dca09a	Q0	v276	1	44.447604167131885	SimBa
2a242751-1d08-4d7d-834b-fe6732dca09a	Q0	v274	1	44.004918770753434	SimBa
2a242751-1d08-4d7d-834b-fe6732dca09a	Q0	v311	1	43.82011089008745	SimBa
2a242751-1d08-4d7d-834b-fe6732dca09a	Q0	v257	1	43.43954450085501	SimBa
2a242751-1d08-4d7d-834b-fe6732dca09a	Q0	v277	1	43.38413165630149	SimBa
2a242751-1d08-4d7d-834b-fe6732dca09a	Q0	v250	1	43.038346564492514	SimBa
2a242751-1d08-4d7d-834b-fe6732dca09a	Q0	v251	1	42.74268806860735	SimBa
2a242751-1d08-4d7d-834b-fe6732dca09a	Q0	v249	1	41.537220501865306	SimBa
2a242751-1d08-4d7d-834b-fe6732dca09a	Q0	v248	1	41.36266929139752	SimBa
74d5e135-ed85-45c4-b04c-4b8bc57f98e0	Q0	v252	1	41.36352689564994	SimBa
74d5e135-ed85-45c4-b04c-4b8bc57f98e0	Q0	v253	1	41.0510704452051	SimBa
74d5e135-ed85-45c4-b04c-4b8bc57f98e0	Q0	v273	1	41.000426943988266	SimBa
74d5e135-ed85-45c4-b04c-4b8bc57f98e0	Q0	v202	1	40.80888866456453	SimBa
74d5e135-ed85-45c4-b04c-4b8bc57f98e0	Q0	v257	1	40.59541421983668	SimBa
74d5e135-ed85-45c4-b04c-4b8bc57f98e0	Q0	v149	1	40.45044381556501	SimBa
74d5e135-ed85-45c4-b04c-4b8bc57f98e0	Q0	v272	1	40.3996938306136	SimBa
74d5e135-ed85-45c4-b04c-4b8bc57f98e0	Q0	v144	1	39.96389797791956	SimBa
74d5e135-ed85-45c4-b04c-4b8bc57f98e0	Q0	v142	1	39.89919740400413	SimBa
74d5e135-ed85-45c4-b04c-4b8bc57f98e0	Q0	v270	1	39.88169025896705	SimBa
